timestamp,imp1chng,ppichng,pxfechng,cpichng,cpupxchng,gdppiqq,pcecmom,prodnfr%,ecichng
1996-12-11,NaN,NaN,0.1,NaN,NaN,NaN,NaN,NaN,NaN
1996-12-12,NaN,NaN,NaN,0.3,NaN,NaN,NaN,NaN,NaN
1997-01-09,NaN,NaN,0.1,NaN,NaN,NaN,NaN,NaN,NaN
1997-01-14,NaN,NaN,NaN,0.3,NaN,NaN,NaN,NaN,NaN
1997-02-14,NaN,NaN,0.0,NaN,NaN,NaN,NaN,NaN,NaN
1997-02-19,NaN,NaN,NaN,0.1,0.1,NaN,NaN,NaN,NaN
1997-03-14,NaN,NaN,-0.1,NaN,NaN,NaN,NaN,NaN,NaN
1997-03-19,NaN,NaN,NaN,0.3,0.2,NaN,NaN,NaN,NaN
1997-04-11,NaN,NaN,0.4,NaN,NaN,NaN,NaN,NaN,NaN
1997-04-15,NaN,NaN,NaN,0.1,0.2,NaN,NaN,NaN,NaN
1997-05-14,NaN,NaN,-0.1,NaN,NaN,NaN,NaN,NaN,NaN
1997-05-15,NaN,NaN,NaN,0.1,0.3,NaN,NaN,NaN,NaN
1997-06-13,NaN,NaN,-0.3,NaN,NaN,NaN,NaN,NaN,NaN
1997-06-17,NaN,NaN,NaN,0.1,0.2,NaN,NaN,NaN,NaN
1997-07-11,NaN,NaN,0.1,NaN,NaN,NaN,NaN,NaN,NaN
1997-07-16,NaN,NaN,NaN,0.1,0.1,NaN,NaN,NaN,NaN
1997-08-13,NaN,NaN,-0.1,NaN,NaN,NaN,NaN,NaN,NaN
1997-08-14,NaN,NaN,NaN,0.2,0.2,NaN,NaN,NaN,NaN
1997-09-09,NaN,NaN,NaN,NaN,NaN,NaN,NaN,4.2,NaN
1997-09-12,NaN,NaN,0.1,NaN,NaN,NaN,NaN,NaN,NaN
1997-09-16,NaN,NaN,NaN,0.2,0.1,NaN,NaN,NaN,NaN
1997-10-10,NaN,NaN,0.4,NaN,NaN,NaN,NaN,NaN,NaN
1997-10-16,NaN,NaN,NaN,0.2,0.2,NaN,NaN,NaN,NaN
1997-11-14,NaN,NaN,0.0,NaN,NaN,NaN,NaN,NaN,NaN
1997-11-18,NaN,NaN,NaN,0.2,0.2,NaN,NaN,NaN,NaN
1997-12-04,NaN,NaN,NaN,NaN,NaN,NaN,NaN,3.3,NaN
1997-12-12,NaN,-0.2,-0.1,NaN,NaN,NaN,NaN,NaN,NaN
1997-12-16,NaN,NaN,NaN,0.1,0.1,NaN,NaN,NaN,NaN
1998-01-08,NaN,-0.2,-0.1,NaN,NaN,NaN,NaN,NaN,NaN
1998-01-13,NaN,NaN,NaN,0.1,0.2,NaN,NaN,NaN,NaN
1998-02-18,NaN,-0.7,-0.1,NaN,NaN,NaN,NaN,NaN,NaN
1998-02-24,NaN,NaN,NaN,0.0,0.2,NaN,NaN,NaN,NaN
1998-03-10,NaN,NaN,NaN,NaN,NaN,NaN,NaN,1.6,NaN
1998-03-13,NaN,-0.1,0.1,NaN,NaN,NaN,NaN,NaN,NaN
1998-03-19,NaN,NaN,NaN,0.1,0.3,NaN,NaN,NaN,NaN
1998-04-09,NaN,-0.3,0.0,NaN,NaN,NaN,NaN,NaN,NaN
1998-04-14,NaN,NaN,NaN,0.0,0.1,NaN,NaN,NaN,NaN
1998-05-13,NaN,0.2,0.2,NaN,NaN,NaN,NaN,NaN,NaN
1998-05-14,NaN,NaN,NaN,0.2,0.3,NaN,NaN,NaN,NaN
1998-06-04,NaN,NaN,NaN,NaN,NaN,NaN,NaN,1.1,NaN
1998-06-12,NaN,0.2,0.2,NaN,NaN,NaN,NaN,NaN,NaN
1998-06-16,NaN,NaN,NaN,0.3,0.2,NaN,NaN,NaN,NaN
1998-07-10,NaN,-0.1,0.2,NaN,NaN,NaN,NaN,NaN,NaN
1998-07-14,NaN,NaN,NaN,0.1,0.1,NaN,NaN,NaN,NaN
1998-08-13,-0.9,NaN,NaN,NaN,NaN,NaN,NaN,NaN,NaN
1998-08-14,NaN,0.2,0.1,NaN,NaN,NaN,NaN,NaN,NaN
1998-08-18,NaN,NaN,NaN,0.2,0.2,NaN,NaN,NaN,NaN
1998-09-03,NaN,NaN,NaN,NaN,NaN,NaN,NaN,0.1,NaN
1998-09-11,NaN,-0.4,-0.1,NaN,NaN,NaN,NaN,NaN,NaN
1998-09-15,-0.3,NaN,NaN,NaN,NaN,NaN,NaN,NaN,NaN
1998-09-17,NaN,NaN,NaN,0.2,0.2,NaN,NaN,NaN,NaN
1998-10-14,-0.1,NaN,NaN,NaN,NaN,NaN,NaN,NaN,NaN
1998-10-15,NaN,0.3,0.4,NaN,NaN,NaN,NaN,NaN,NaN
1998-10-16,NaN,NaN,NaN,0.0,0.2,NaN,NaN,NaN,NaN
1998-11-13,NaN,0.2,0.1,NaN,NaN,NaN,NaN,NaN,NaN
1998-11-17,NaN,NaN,NaN,0.2,0.2,NaN,NaN,NaN,NaN
1998-11-18,0.2,NaN,NaN,NaN,NaN,NaN,NaN,NaN,NaN
1998-12-03,NaN,NaN,NaN,NaN,NaN,NaN,NaN,3.0,NaN
1998-12-11,NaN,-0.2,0.1,NaN,NaN,NaN,NaN,NaN,NaN
1998-12-15,NaN,NaN,NaN,0.2,0.2,NaN,NaN,NaN,NaN
1998-12-16,-0.3,NaN,NaN,NaN,NaN,NaN,NaN,NaN,NaN
1999-01-13,NaN,0.4,1.0,NaN,NaN,NaN,NaN,NaN,NaN
1999-01-14,NaN,NaN,NaN,0.1,0.3,NaN,NaN,NaN,NaN
1999-01-15,-0.7,NaN,NaN,NaN,NaN,NaN,NaN,NaN,NaN
1999-02-09,NaN,NaN,NaN,NaN,NaN,NaN,NaN,3.7,NaN
1999-02-17,0.2,NaN,NaN,NaN,NaN,NaN,NaN,NaN,NaN
1999-02-18,NaN,0.5,-0.1,NaN,NaN,NaN,NaN,NaN,NaN
1999-02-19,NaN,NaN,NaN,0.1,0.1,NaN,NaN,NaN,NaN
1999-03-11,-0.1,NaN,NaN,NaN,NaN,NaN,NaN,NaN,NaN
1999-03-12,NaN,-0.4,0.0,NaN,NaN,NaN,NaN,NaN,NaN
1999-03-18,NaN,NaN,NaN,0.1,0.1,NaN,NaN,NaN,NaN
1999-04-08,0.1,NaN,NaN,NaN,NaN,NaN,NaN,NaN,NaN
1999-04-09,NaN,0.2,0.0,NaN,NaN,NaN,NaN,NaN,NaN
1999-04-13,NaN,NaN,NaN,0.2,0.1,NaN,NaN,NaN,NaN
1999-05-12,0.8,NaN,NaN,NaN,NaN,NaN,NaN,NaN,NaN
1999-05-13,NaN,0.5,0.1,NaN,NaN,NaN,NaN,NaN,NaN
1999-05-14,NaN,NaN,NaN,0.7,0.4,NaN,NaN,NaN,NaN
1999-06-08,NaN,NaN,NaN,NaN,NaN,NaN,NaN,3.5,NaN
1999-06-10,0.7,NaN,NaN,NaN,NaN,NaN,NaN,NaN,NaN
1999-06-11,NaN,0.2,0.1,NaN,NaN,NaN,NaN,NaN,NaN
1999-06-16,NaN,NaN,NaN,0.0,0.1,NaN,NaN,NaN,NaN
1999-07-13,-0.2,NaN,NaN,NaN,NaN,NaN,NaN,NaN,NaN
1999-07-14,NaN,-0.1,-0.2,NaN,NaN,NaN,NaN,NaN,NaN
1999-07-15,NaN,NaN,NaN,0.0,0.1,NaN,NaN,NaN,NaN
1999-08-12,0.9,NaN,NaN,NaN,NaN,NaN,NaN,NaN,NaN
1999-08-13,NaN,0.2,0.0,NaN,NaN,NaN,NaN,NaN,NaN
1999-08-17,NaN,NaN,NaN,0.3,0.2,NaN,NaN,NaN,NaN
1999-09-02,NaN,NaN,NaN,NaN,NaN,NaN,NaN,0.6,NaN
1999-09-09,1.0,NaN,NaN,NaN,NaN,NaN,NaN,NaN,NaN
1999-09-10,NaN,0.5,-0.1,NaN,NaN,NaN,NaN,NaN,NaN
1999-09-15,NaN,NaN,NaN,0.3,0.1,NaN,NaN,NaN,NaN
1999-10-14,0.7,NaN,NaN,NaN,NaN,NaN,NaN,NaN,NaN
1999-10-15,NaN,1.1,0.8,NaN,NaN,NaN,NaN,NaN,NaN
1999-10-19,NaN,NaN,NaN,0.4,0.3,NaN,NaN,NaN,NaN
1999-11-09,0.5,NaN,NaN,NaN,NaN,NaN,NaN,NaN,NaN
1999-11-10,NaN,-0.1,0.3,NaN,NaN,NaN,NaN,NaN,NaN
1999-11-17,NaN,NaN,NaN,0.2,0.2,NaN,NaN,NaN,NaN
1999-12-07,NaN,NaN,NaN,NaN,NaN,NaN,NaN,4.9,NaN
1999-12-09,0.5,NaN,NaN,NaN,NaN,NaN,NaN,NaN,NaN
1999-12-10,NaN,0.2,0.0,NaN,NaN,NaN,NaN,NaN,NaN
1999-12-14,NaN,NaN,NaN,0.1,0.2,NaN,NaN,NaN,NaN
2000-01-12,0.7,NaN,NaN,NaN,NaN,NaN,NaN,NaN,NaN
2000-01-13,NaN,0.3,0.1,NaN,NaN,NaN,NaN,NaN,NaN
2000-01-14,NaN,NaN,NaN,0.3,0.1,NaN,NaN,NaN,NaN
2000-02-16,0.1,NaN,NaN,NaN,NaN,NaN,NaN,NaN,NaN
2000-02-17,NaN,0.0,-0.2,NaN,NaN,NaN,NaN,NaN,NaN
2000-02-18,NaN,NaN,NaN,0.2,0.2,NaN,NaN,NaN,NaN
2000-03-07,NaN,NaN,NaN,NaN,NaN,NaN,NaN,6.4,NaN
2000-03-14,1.9,NaN,NaN,NaN,NaN,NaN,NaN,NaN,NaN
2000-03-16,NaN,1.0,0.3,NaN,NaN,NaN,NaN,NaN,NaN
2000-03-17,NaN,NaN,NaN,0.5,0.2,NaN,NaN,NaN,NaN
2000-04-12,0.3,NaN,NaN,NaN,NaN,NaN,NaN,NaN,NaN
2000-04-13,NaN,1.0,0.1,NaN,NaN,NaN,NaN,NaN,NaN
2000-04-14,NaN,NaN,NaN,0.7,0.4,NaN,NaN,NaN,NaN
2000-05-11,-1.6,NaN,NaN,NaN,NaN,NaN,NaN,NaN,NaN
2000-05-12,NaN,-0.3,0.1,NaN,NaN,NaN,NaN,NaN,NaN
2000-05-16,NaN,NaN,NaN,0.0,0.2,NaN,NaN,NaN,NaN
2000-06-06,NaN,NaN,NaN,NaN,NaN,NaN,NaN,2.4,NaN
2000-06-08,0.6,NaN,NaN,NaN,NaN,NaN,NaN,NaN,NaN
2000-06-09,NaN,0.0,0.2,NaN,NaN,NaN,NaN,NaN,NaN
2000-06-14,NaN,NaN,NaN,0.1,0.2,NaN,NaN,NaN,NaN
2000-07-13,0.8,NaN,NaN,NaN,NaN,NaN,NaN,NaN,NaN
2000-07-14,NaN,0.6,-0.1,NaN,NaN,NaN,NaN,NaN,NaN
2000-07-18,NaN,NaN,NaN,0.6,0.2,NaN,NaN,NaN,NaN
2000-08-10,0.0,NaN,NaN,NaN,NaN,NaN,NaN,NaN,NaN
2000-08-11,NaN,0.0,0.1,NaN,NaN,NaN,NaN,NaN,NaN
2000-08-16,NaN,NaN,NaN,0.2,0.2,NaN,NaN,NaN,NaN
2000-09-06,NaN,NaN,NaN,NaN,NaN,NaN,NaN,5.7,NaN
2000-09-13,0.2,NaN,NaN,NaN,NaN,NaN,NaN,NaN,NaN
2000-09-14,NaN,-0.2,0.1,NaN,NaN,NaN,NaN,NaN,NaN
2000-09-15,NaN,NaN,NaN,-0.1,0.2,NaN,NaN,NaN,NaN
2000-10-12,1.5,NaN,NaN,NaN,NaN,NaN,NaN,NaN,NaN
2000-10-13,NaN,0.9,0.3,NaN,NaN,NaN,NaN,NaN,NaN
2000-10-18,NaN,NaN,NaN,0.5,0.3,NaN,NaN,NaN,NaN
2000-11-08,-0.5,NaN,NaN,NaN,NaN,NaN,NaN,NaN,NaN
2000-11-09,NaN,0.4,-0.1,NaN,NaN,NaN,NaN,NaN,NaN
2000-11-16,NaN,NaN,NaN,0.2,0.2,NaN,NaN,NaN,NaN
2000-12-06,NaN,NaN,NaN,NaN,NaN,NaN,NaN,3.3,NaN
2000-12-13,0.2,NaN,NaN,NaN,NaN,NaN,NaN,NaN,NaN
2000-12-14,NaN,0.1,0.0,NaN,NaN,NaN,NaN,NaN,NaN
2000-12-15,NaN,NaN,NaN,0.2,0.3,NaN,NaN,NaN,NaN
2001-01-11,-0.5,NaN,NaN,NaN,NaN,NaN,NaN,NaN,NaN
2001-01-12,NaN,0.0,0.3,NaN,NaN,NaN,NaN,NaN,NaN
2001-01-17,NaN,NaN,NaN,0.2,0.1,NaN,NaN,NaN,NaN
2001-02-15,-0.4,NaN,NaN,NaN,NaN,NaN,NaN,NaN,NaN
2001-02-16,NaN,1.1,0.7,NaN,NaN,NaN,NaN,NaN,NaN
2001-02-21,NaN,NaN,NaN,0.6,0.3,NaN,NaN,NaN,NaN
2001-03-06,NaN,NaN,NaN,NaN,NaN,NaN,NaN,2.2,NaN
2001-03-15,0.1,NaN,NaN,NaN,NaN,NaN,NaN,NaN,NaN
2001-03-16,NaN,0.1,-0.3,NaN,NaN,NaN,NaN,NaN,NaN
2001-03-21,NaN,NaN,NaN,0.3,0.3,NaN,NaN,NaN,NaN
2001-03-31,NaN,NaN,NaN,NaN,NaN,NaN,NaN,NaN,1.3
2001-04-11,-1.6,NaN,NaN,NaN,NaN,NaN,NaN,NaN,NaN
2001-04-12,NaN,-0.1,0.1,NaN,NaN,NaN,NaN,NaN,NaN
2001-04-17,NaN,NaN,NaN,0.1,0.2,NaN,NaN,NaN,NaN
2001-05-10,-0.5,NaN,NaN,NaN,NaN,NaN,NaN,NaN,NaN
2001-05-11,NaN,0.3,0.2,NaN,NaN,NaN,NaN,NaN,NaN
2001-05-16,NaN,NaN,NaN,0.3,0.2,NaN,NaN,NaN,NaN
2001-06-05,NaN,NaN,NaN,NaN,NaN,NaN,NaN,-1.2,NaN
2001-06-13,0.3,NaN,NaN,NaN,NaN,NaN,NaN,NaN,NaN
2001-06-14,NaN,0.1,0.2,NaN,NaN,NaN,NaN,NaN,NaN
2001-06-15,NaN,NaN,NaN,0.4,0.1,NaN,NaN,NaN,NaN
2001-06-30,NaN,NaN,NaN,NaN,NaN,NaN,NaN,NaN,0.9
2001-07-12,-0.5,NaN,NaN,NaN,NaN,NaN,NaN,NaN,NaN
2001-07-13,NaN,-0.4,0.1,NaN,NaN,NaN,NaN,NaN,NaN
2001-07-18,NaN,NaN,NaN,0.2,0.3,NaN,NaN,NaN,NaN
2001-08-09,-1.6,NaN,NaN,NaN,NaN,NaN,NaN,NaN,NaN
2001-08-10,NaN,-0.9,0.2,NaN,NaN,NaN,NaN,NaN,NaN
2001-08-16,NaN,NaN,NaN,-0.3,0.2,NaN,NaN,NaN,NaN
2001-09-05,NaN,NaN,NaN,NaN,NaN,NaN,NaN,2.1,NaN
2001-09-13,-0.1,NaN,NaN,NaN,NaN,NaN,NaN,NaN,NaN
2001-09-14,NaN,0.4,-0.1,NaN,NaN,NaN,NaN,NaN,NaN
2001-09-18,NaN,NaN,NaN,0.1,0.2,NaN,NaN,NaN,NaN
2001-09-30,NaN,NaN,NaN,NaN,NaN,NaN,NaN,NaN,1.2
2001-10-11,0.3,NaN,NaN,NaN,NaN,NaN,NaN,NaN,NaN
2001-10-12,NaN,0.4,0.3,NaN,NaN,NaN,NaN,NaN,NaN
2001-10-19,NaN,NaN,NaN,0.4,0.2,NaN,NaN,NaN,NaN
2001-11-08,-2.4,NaN,NaN,NaN,NaN,NaN,NaN,NaN,NaN
2001-11-09,NaN,-1.6,-0.5,NaN,NaN,NaN,NaN,NaN,NaN
2001-11-16,NaN,NaN,NaN,-0.3,0.2,NaN,NaN,NaN,NaN
2001-12-06,NaN,NaN,NaN,NaN,NaN,NaN,NaN,1.5,NaN
2001-12-12,-1.6,NaN,NaN,NaN,NaN,NaN,NaN,NaN,NaN
2001-12-13,NaN,-0.6,0.2,NaN,NaN,NaN,NaN,NaN,NaN
2001-12-14,NaN,NaN,NaN,0.0,0.4,NaN,NaN,NaN,NaN
2001-12-31,NaN,NaN,NaN,NaN,NaN,NaN,NaN,NaN,0.7
2002-01-10,-0.9,NaN,NaN,NaN,NaN,NaN,NaN,NaN,NaN
2002-01-11,NaN,-0.7,-0.1,NaN,NaN,NaN,NaN,NaN,NaN
2002-01-16,NaN,NaN,NaN,-0.2,0.1,NaN,NaN,NaN,NaN
2002-02-14,0.4,NaN,NaN,NaN,NaN,NaN,NaN,NaN,NaN
2002-02-15,NaN,0.1,-0.1,NaN,NaN,NaN,NaN,NaN,NaN
2002-02-20,NaN,NaN,NaN,0.2,0.2,NaN,NaN,NaN,NaN
2002-03-07,NaN,NaN,NaN,NaN,NaN,NaN,NaN,5.2,NaN
2002-03-14,-0.1,NaN,NaN,NaN,NaN,NaN,NaN,NaN,NaN
2002-03-15,NaN,0.2,0.0,NaN,NaN,NaN,NaN,NaN,NaN
2002-03-21,NaN,NaN,NaN,0.2,0.3,NaN,NaN,NaN,NaN
2002-03-31,NaN,NaN,NaN,NaN,NaN,NaN,NaN,NaN,0.9
2002-04-11,1.1,NaN,NaN,NaN,NaN,NaN,NaN,NaN,NaN
2002-04-12,NaN,1.0,0.1,NaN,NaN,NaN,NaN,NaN,NaN
2002-04-16,NaN,NaN,NaN,0.3,0.1,NaN,NaN,NaN,NaN
2002-05-09,1.4,NaN,NaN,NaN,NaN,NaN,NaN,NaN,NaN
2002-05-10,NaN,-0.2,0.1,NaN,NaN,NaN,NaN,NaN,NaN
2002-05-15,NaN,NaN,NaN,0.5,0.3,NaN,NaN,NaN,NaN
2002-05-31,NaN,NaN,NaN,NaN,NaN,NaN,NaN,8.4,NaN
2002-06-12,0.0,NaN,NaN,NaN,NaN,NaN,NaN,NaN,NaN
2002-06-13,NaN,-0.4,0.0,NaN,NaN,NaN,NaN,NaN,NaN
2002-06-18,NaN,NaN,NaN,0.0,0.2,NaN,NaN,NaN,NaN
2002-06-30,NaN,NaN,NaN,NaN,NaN,NaN,NaN,NaN,0.9
2002-07-10,-0.6,NaN,NaN,NaN,NaN,NaN,NaN,NaN,NaN
2002-07-11,NaN,0.1,0.2,NaN,NaN,NaN,NaN,NaN,NaN
2002-07-19,NaN,NaN,NaN,0.1,0.1,NaN,NaN,NaN,NaN
2002-08-07,0.4,NaN,NaN,NaN,NaN,NaN,NaN,NaN,NaN
2002-08-08,NaN,-0.2,-0.3,NaN,NaN,NaN,NaN,NaN,NaN
2002-08-16,NaN,NaN,NaN,0.1,0.2,NaN,NaN,NaN,NaN
2002-09-05,NaN,NaN,NaN,NaN,NaN,NaN,NaN,1.5,NaN
2002-09-12,0.3,NaN,NaN,NaN,NaN,NaN,NaN,NaN,NaN
2002-09-13,NaN,0.0,-0.1,NaN,NaN,NaN,NaN,NaN,NaN
2002-09-18,NaN,NaN,NaN,0.3,0.3,NaN,NaN,NaN,NaN
2002-09-30,NaN,NaN,NaN,NaN,NaN,NaN,NaN,NaN,0.9
2002-10-10,0.7,NaN,NaN,NaN,NaN,NaN,NaN,NaN,NaN
2002-10-11,NaN,0.1,0.1,NaN,NaN,NaN,NaN,NaN,NaN
2002-10-18,NaN,NaN,NaN,0.2,0.1,NaN,NaN,NaN,NaN
2002-11-14,0.1,NaN,NaN,NaN,NaN,NaN,NaN,NaN,NaN
2002-11-15,NaN,1.1,0.5,NaN,NaN,NaN,NaN,NaN,NaN
2002-11-19,NaN,NaN,NaN,0.3,0.2,NaN,NaN,NaN,NaN
2002-12-04,NaN,NaN,NaN,NaN,NaN,NaN,NaN,5.1,NaN
2002-12-12,-1.0,NaN,NaN,NaN,NaN,NaN,NaN,NaN,NaN
2002-12-13,NaN,-0.4,-0.3,NaN,NaN,NaN,NaN,NaN,NaN
2002-12-17,NaN,NaN,NaN,0.1,0.2,NaN,NaN,NaN,NaN
2002-12-31,NaN,NaN,NaN,NaN,NaN,NaN,NaN,NaN,0.6
2003-01-14,0.7,NaN,NaN,NaN,NaN,NaN,NaN,NaN,NaN
2003-01-15,NaN,0.0,-0.3,NaN,NaN,NaN,NaN,NaN,NaN
2003-01-16,NaN,NaN,NaN,0.1,0.1,NaN,NaN,NaN,NaN
2003-02-13,1.5,NaN,NaN,NaN,NaN,NaN,NaN,NaN,NaN
2003-02-20,NaN,1.6,0.9,NaN,NaN,NaN,NaN,NaN,NaN
2003-02-21,NaN,NaN,NaN,0.3,0.1,NaN,NaN,NaN,NaN
2003-03-06,NaN,NaN,NaN,NaN,NaN,NaN,NaN,0.8,NaN
2003-03-13,1.3,NaN,NaN,NaN,NaN,NaN,NaN,NaN,NaN
2003-03-14,NaN,1.0,-0.5,NaN,NaN,NaN,NaN,NaN,NaN
2003-03-21,NaN,NaN,NaN,0.6,0.1,NaN,NaN,NaN,NaN
2003-03-31,NaN,NaN,NaN,NaN,NaN,NaN,NaN,NaN,1.3
2003-04-10,0.5,NaN,NaN,NaN,NaN,NaN,NaN,NaN,NaN
2003-04-11,NaN,1.5,0.7,NaN,NaN,NaN,NaN,NaN,NaN
2003-04-16,NaN,NaN,NaN,0.3,0.0,NaN,NaN,NaN,NaN
2003-05-14,-2.7,NaN,NaN,NaN,NaN,NaN,NaN,NaN,NaN
2003-05-15,NaN,-1.9,-0.9,NaN,NaN,NaN,NaN,NaN,NaN
2003-05-16,NaN,NaN,NaN,-0.3,0.0,NaN,NaN,NaN,NaN
2003-06-04,NaN,NaN,NaN,NaN,NaN,NaN,NaN,1.9,NaN
2003-06-12,-0.3,NaN,NaN,NaN,NaN,NaN,NaN,NaN,NaN
2003-06-13,NaN,-0.3,0.1,NaN,NaN,NaN,NaN,NaN,NaN
2003-06-17,NaN,NaN,NaN,0.0,0.3,NaN,NaN,NaN,NaN
2003-06-30,NaN,NaN,NaN,NaN,NaN,NaN,NaN,NaN,0.9
2003-07-10,0.8,NaN,NaN,NaN,NaN,NaN,NaN,NaN,NaN
2003-07-11,NaN,0.5,-0.1,NaN,NaN,NaN,NaN,NaN,NaN
2003-07-16,NaN,NaN,NaN,0.2,0.0,NaN,NaN,NaN,NaN
2003-08-13,0.5,NaN,NaN,NaN,NaN,NaN,NaN,NaN,NaN
2003-08-14,NaN,0.1,0.2,NaN,NaN,NaN,NaN,NaN,NaN
2003-08-15,NaN,NaN,NaN,0.2,0.2,NaN,NaN,NaN,NaN
2003-09-04,NaN,NaN,NaN,NaN,NaN,NaN,NaN,6.8,NaN
2003-09-11,0.2,NaN,NaN,NaN,NaN,NaN,NaN,NaN,NaN
2003-09-12,NaN,0.4,0.1,NaN,NaN,NaN,NaN,NaN,NaN
2003-09-16,NaN,NaN,NaN,0.3,0.1,NaN,NaN,NaN,NaN
2003-09-30,NaN,NaN,NaN,NaN,NaN,NaN,NaN,NaN,1.1
2003-10-09,-0.5,NaN,NaN,NaN,NaN,NaN,NaN,NaN,NaN
2003-10-10,NaN,0.3,0.0,NaN,NaN,NaN,NaN,NaN,NaN
2003-10-16,NaN,NaN,NaN,0.3,0.1,NaN,NaN,NaN,NaN
2003-11-13,0.1,NaN,NaN,NaN,NaN,NaN,NaN,NaN,NaN
2003-11-14,NaN,0.8,0.5,NaN,NaN,NaN,NaN,NaN,NaN
2003-11-18,NaN,NaN,NaN,0.0,0.2,NaN,NaN,NaN,NaN
2003-12-03,NaN,NaN,NaN,NaN,NaN,NaN,NaN,9.4,NaN
2003-12-11,0.4,NaN,NaN,NaN,NaN,NaN,NaN,NaN,NaN
2003-12-12,NaN,-0.3,-0.1,NaN,NaN,NaN,NaN,NaN,NaN
2003-12-16,NaN,NaN,NaN,-0.2,-0.1,NaN,NaN,NaN,NaN
2003-12-31,NaN,NaN,NaN,NaN,NaN,NaN,NaN,NaN,0.5
2004-01-13,0.2,NaN,NaN,NaN,NaN,NaN,NaN,NaN,NaN
2004-01-14,NaN,0.3,-0.1,NaN,NaN,NaN,NaN,NaN,NaN
2004-01-15,NaN,NaN,NaN,0.2,0.1,NaN,NaN,NaN,NaN
2004-02-13,1.3,NaN,NaN,NaN,NaN,NaN,NaN,NaN,NaN
2004-02-20,NaN,NaN,NaN,0.5,0.2,NaN,NaN,NaN,NaN
2004-03-04,NaN,NaN,NaN,NaN,NaN,NaN,NaN,2.6,NaN
2004-03-11,0.4,NaN,NaN,NaN,NaN,NaN,NaN,NaN,NaN
2004-03-17,NaN,NaN,NaN,0.3,0.2,NaN,NaN,NaN,NaN
2004-03-18,NaN,0.6,0.3,NaN,NaN,NaN,NaN,NaN,NaN
2004-03-31,NaN,NaN,NaN,NaN,NaN,NaN,NaN,NaN,1.2
2004-04-01,NaN,0.1,0.1,NaN,NaN,NaN,NaN,NaN,NaN
2004-04-07,0.9,NaN,NaN,NaN,NaN,NaN,NaN,NaN,NaN
2004-04-14,NaN,NaN,NaN,0.5,0.4,NaN,NaN,NaN,NaN
2004-04-22,NaN,0.5,0.2,NaN,NaN,NaN,NaN,NaN,NaN
2004-05-12,0.2,NaN,NaN,NaN,NaN,NaN,NaN,NaN,NaN
2004-05-13,NaN,0.7,0.2,NaN,NaN,NaN,NaN,NaN,NaN
2004-05-14,NaN,NaN,NaN,0.2,0.3,NaN,NaN,NaN,NaN
2004-06-03,NaN,NaN,NaN,NaN,NaN,NaN,NaN,3.8,NaN
2004-06-10,1.6,NaN,NaN,NaN,NaN,NaN,NaN,NaN,NaN
2004-06-15,NaN,NaN,NaN,0.6,0.2,NaN,NaN,NaN,NaN
2004-06-17,NaN,0.8,0.3,NaN,NaN,NaN,NaN,NaN,NaN
2004-06-30,NaN,NaN,NaN,NaN,NaN,NaN,NaN,NaN,1.0
2004-07-14,-0.2,NaN,NaN,NaN,NaN,NaN,NaN,NaN,NaN
2004-07-15,NaN,-0.3,0.2,NaN,NaN,NaN,NaN,NaN,NaN
2004-07-16,NaN,NaN,NaN,0.3,0.1,NaN,NaN,NaN,NaN
2004-08-12,0.2,NaN,NaN,NaN,NaN,NaN,NaN,NaN,NaN
2004-08-13,NaN,0.1,0.1,NaN,NaN,NaN,NaN,NaN,NaN
2004-08-17,NaN,NaN,NaN,-0.1,0.1,NaN,NaN,NaN,NaN
2004-09-02,NaN,NaN,NaN,NaN,NaN,NaN,NaN,2.5,NaN
2004-09-09,1.7,NaN,NaN,NaN,NaN,NaN,NaN,NaN,NaN
2004-09-10,NaN,-0.1,-0.1,NaN,NaN,NaN,NaN,NaN,NaN
2004-09-16,NaN,NaN,NaN,0.1,0.1,NaN,NaN,NaN,NaN
2004-09-30,NaN,NaN,NaN,NaN,NaN,NaN,NaN,NaN,1.0
2004-10-14,0.2,NaN,NaN,NaN,NaN,NaN,NaN,NaN,NaN
2004-10-15,NaN,0.1,0.3,NaN,NaN,NaN,NaN,NaN,NaN
2004-10-19,NaN,NaN,NaN,0.2,0.3,NaN,NaN,NaN,NaN
2004-11-10,1.5,NaN,NaN,NaN,NaN,NaN,NaN,NaN,NaN
2004-11-16,NaN,1.7,0.3,NaN,NaN,NaN,NaN,NaN,NaN
2004-11-17,NaN,NaN,NaN,0.6,0.2,NaN,NaN,NaN,NaN
2004-12-07,NaN,NaN,NaN,NaN,NaN,NaN,NaN,1.8,NaN
2004-12-09,0.2,NaN,NaN,NaN,NaN,NaN,NaN,NaN,NaN
2004-12-10,NaN,0.5,0.2,NaN,NaN,NaN,NaN,NaN,NaN
2004-12-17,NaN,NaN,NaN,0.2,0.2,NaN,NaN,NaN,NaN
2004-12-31,NaN,NaN,NaN,NaN,NaN,NaN,NaN,NaN,0.5
2005-01-13,-1.3,NaN,NaN,NaN,NaN,NaN,NaN,NaN,NaN
2005-01-14,NaN,-0.7,0.1,NaN,NaN,NaN,NaN,NaN,NaN
2005-01-19,NaN,NaN,NaN,-0.1,0.2,NaN,NaN,NaN,NaN
2005-02-17,0.9,NaN,NaN,NaN,NaN,NaN,NaN,NaN,NaN
2005-02-18,NaN,0.3,0.8,NaN,NaN,NaN,NaN,NaN,NaN
2005-02-23,NaN,NaN,NaN,0.1,0.2,NaN,NaN,NaN,NaN
2005-03-03,NaN,NaN,NaN,NaN,NaN,NaN,NaN,2.1,NaN
2005-03-18,0.8,NaN,NaN,NaN,NaN,NaN,NaN,NaN,NaN
2005-03-22,NaN,0.4,0.1,NaN,NaN,NaN,NaN,NaN,NaN
2005-03-23,NaN,NaN,NaN,0.4,0.3,NaN,NaN,NaN,NaN
2005-03-31,NaN,NaN,NaN,NaN,NaN,NaN,NaN,NaN,1.0
2005-04-15,1.8,NaN,NaN,NaN,NaN,NaN,NaN,NaN,NaN
2005-04-19,NaN,0.7,0.1,NaN,NaN,NaN,NaN,NaN,NaN
2005-04-20,NaN,NaN,NaN,0.6,0.4,NaN,NaN,NaN,NaN
2005-05-13,0.8,NaN,NaN,NaN,NaN,NaN,NaN,NaN,NaN
2005-05-17,NaN,0.6,0.3,NaN,NaN,NaN,NaN,NaN,NaN
2005-05-18,NaN,NaN,NaN,0.5,0.0,NaN,NaN,NaN,NaN
2005-06-02,NaN,NaN,NaN,NaN,NaN,NaN,NaN,2.9,NaN
2005-06-10,-1.3,NaN,NaN,NaN,NaN,NaN,NaN,NaN,NaN
2005-06-14,NaN,-0.6,0.1,NaN,NaN,NaN,NaN,NaN,NaN
2005-06-15,NaN,NaN,NaN,-0.1,0.1,NaN,NaN,NaN,NaN
2005-06-29,NaN,NaN,NaN,NaN,NaN,2.9,NaN,NaN,NaN
2005-06-30,NaN,NaN,NaN,NaN,NaN,NaN,0.2,NaN,0.6
2005-07-13,1.0,NaN,NaN,NaN,NaN,NaN,NaN,NaN,NaN
2005-07-14,NaN,NaN,NaN,0.0,0.1,NaN,NaN,NaN,NaN
2005-07-15,NaN,0.0,-0.1,NaN,NaN,NaN,NaN,NaN,NaN
2005-08-02,NaN,NaN,NaN,NaN,NaN,NaN,0.0,NaN,NaN
2005-08-12,1.1,NaN,NaN,NaN,NaN,NaN,NaN,NaN,NaN
2005-08-16,NaN,NaN,NaN,0.5,0.1,NaN,NaN,NaN,NaN
2005-08-17,NaN,1.0,0.4,NaN,NaN,NaN,NaN,NaN,NaN
2005-09-01,NaN,NaN,NaN,NaN,NaN,NaN,0.1,NaN,NaN
2005-09-07,NaN,NaN,NaN,NaN,NaN,NaN,NaN,1.8,NaN
2005-09-09,1.3,NaN,NaN,NaN,NaN,NaN,NaN,NaN,NaN
2005-09-13,NaN,0.6,0.0,NaN,NaN,NaN,NaN,NaN,NaN
2005-09-15,NaN,NaN,NaN,0.5,0.1,NaN,NaN,NaN,NaN
2005-09-29,NaN,NaN,NaN,NaN,NaN,2.6,NaN,NaN,NaN
2005-09-30,NaN,NaN,NaN,NaN,NaN,NaN,0.2,NaN,0.8
2005-10-13,2.3,NaN,NaN,NaN,NaN,NaN,NaN,NaN,NaN
2005-10-14,NaN,NaN,NaN,1.2,0.1,NaN,NaN,NaN,NaN
2005-10-18,NaN,1.9,0.3,NaN,NaN,NaN,NaN,NaN,NaN
2005-10-31,NaN,NaN,NaN,NaN,NaN,NaN,0.2,NaN,NaN
2005-11-10,-0.3,NaN,NaN,NaN,NaN,NaN,NaN,NaN,NaN
2005-11-15,NaN,0.7,-0.3,NaN,NaN,NaN,NaN,NaN,NaN
2005-11-16,NaN,NaN,NaN,0.2,0.2,NaN,NaN,NaN,NaN
2005-12-01,NaN,NaN,NaN,NaN,NaN,NaN,0.1,NaN,NaN
2005-12-06,NaN,NaN,NaN,NaN,NaN,NaN,NaN,4.7,NaN
2005-12-14,-1.7,NaN,NaN,NaN,NaN,NaN,NaN,NaN,NaN
2005-12-15,NaN,NaN,NaN,-0.6,0.2,NaN,NaN,NaN,NaN
2005-12-20,NaN,-0.7,0.1,NaN,NaN,NaN,NaN,NaN,NaN
2005-12-21,NaN,NaN,NaN,NaN,NaN,3.3,NaN,NaN,NaN
2005-12-22,NaN,NaN,NaN,NaN,NaN,NaN,0.1,NaN,NaN
2005-12-31,NaN,NaN,NaN,NaN,NaN,NaN,NaN,NaN,0.6
2006-01-12,-0.2,NaN,NaN,NaN,NaN,NaN,NaN,NaN,NaN
2006-01-13,NaN,0.9,0.1,NaN,NaN,NaN,NaN,NaN,NaN
2006-01-18,NaN,NaN,NaN,-0.1,0.2,NaN,NaN,NaN,NaN
2006-01-30,NaN,NaN,NaN,NaN,NaN,NaN,0.1,NaN,NaN
2006-02-16,1.3,NaN,NaN,NaN,NaN,NaN,NaN,NaN,NaN
2006-02-17,NaN,0.3,0.4,NaN,NaN,NaN,NaN,NaN,NaN
2006-02-22,NaN,NaN,NaN,0.7,0.2,NaN,NaN,NaN,NaN
2006-03-01,NaN,NaN,NaN,NaN,NaN,NaN,0.2,NaN,NaN
2006-03-07,NaN,NaN,NaN,NaN,NaN,NaN,NaN,-0.5,NaN
2006-03-15,-0.5,NaN,NaN,NaN,NaN,NaN,NaN,NaN,NaN
2006-03-16,NaN,NaN,NaN,0.1,0.1,NaN,NaN,NaN,NaN
2006-03-21,NaN,-1.4,0.3,NaN,NaN,NaN,NaN,NaN,NaN
2006-03-30,NaN,NaN,NaN,NaN,NaN,3.5,NaN,NaN,NaN
2006-03-31,NaN,NaN,NaN,NaN,NaN,NaN,0.1,NaN,0.7
2006-04-13,-0.4,NaN,NaN,NaN,NaN,NaN,NaN,NaN,NaN
2006-04-18,NaN,0.5,0.1,NaN,NaN,NaN,NaN,NaN,NaN
2006-04-19,NaN,NaN,NaN,0.4,0.3,NaN,NaN,NaN,NaN
2006-05-01,NaN,NaN,NaN,NaN,NaN,NaN,0.3,NaN,NaN
2006-05-12,2.1,NaN,NaN,NaN,NaN,NaN,NaN,NaN,NaN
2006-05-16,NaN,0.9,0.1,NaN,NaN,NaN,NaN,NaN,NaN
2006-05-17,NaN,NaN,NaN,0.6,0.3,NaN,NaN,NaN,NaN
2006-05-26,NaN,NaN,NaN,NaN,NaN,NaN,0.2,NaN,NaN
2006-06-01,NaN,NaN,NaN,NaN,NaN,NaN,NaN,3.7,NaN
2006-06-09,1.6,NaN,NaN,NaN,NaN,NaN,NaN,NaN,NaN
2006-06-13,NaN,0.2,0.3,NaN,NaN,NaN,NaN,NaN,NaN
2006-06-14,NaN,NaN,NaN,0.4,0.3,NaN,NaN,NaN,NaN
2006-06-29,NaN,NaN,NaN,NaN,NaN,3.1,NaN,NaN,NaN
2006-06-30,NaN,NaN,NaN,NaN,NaN,NaN,0.2,NaN,0.9
2006-07-14,0.1,NaN,NaN,NaN,NaN,NaN,NaN,NaN,NaN
2006-07-18,NaN,0.5,0.2,NaN,NaN,NaN,NaN,NaN,NaN
2006-07-19,NaN,NaN,NaN,0.2,0.3,NaN,NaN,NaN,NaN
2006-08-01,NaN,NaN,NaN,NaN,NaN,NaN,0.2,NaN,NaN
2006-08-11,0.9,NaN,NaN,NaN,NaN,NaN,NaN,NaN,NaN
2006-08-15,NaN,0.1,-0.3,NaN,NaN,NaN,NaN,NaN,NaN
2006-08-16,NaN,NaN,NaN,0.4,0.2,NaN,NaN,NaN,NaN
2006-08-31,NaN,NaN,NaN,NaN,NaN,NaN,0.1,NaN,NaN
2006-09-06,NaN,NaN,NaN,NaN,NaN,NaN,NaN,1.6,NaN
2006-09-14,0.8,NaN,NaN,NaN,NaN,NaN,NaN,NaN,NaN
2006-09-15,NaN,NaN,NaN,0.2,0.2,NaN,NaN,NaN,NaN
2006-09-19,NaN,0.1,-0.4,NaN,NaN,NaN,NaN,NaN,NaN
2006-09-28,NaN,NaN,NaN,NaN,NaN,3.3,NaN,NaN,NaN
2006-09-29,NaN,NaN,NaN,NaN,NaN,NaN,0.2,NaN,NaN
2006-09-30,NaN,NaN,NaN,NaN,NaN,NaN,NaN,NaN,1.1
2006-10-13,-2.1,NaN,NaN,NaN,NaN,NaN,NaN,NaN,NaN
2006-10-17,NaN,-1.3,0.6,NaN,NaN,NaN,NaN,NaN,NaN
2006-10-18,NaN,NaN,NaN,-0.5,0.2,NaN,NaN,NaN,NaN
2006-10-30,NaN,NaN,NaN,NaN,NaN,NaN,0.2,NaN,NaN
2006-11-09,-2.0,NaN,NaN,NaN,NaN,NaN,NaN,NaN,NaN
2006-11-14,NaN,-1.6,-0.9,NaN,NaN,NaN,NaN,NaN,NaN
2006-11-16,NaN,NaN,NaN,-0.5,0.1,NaN,NaN,NaN,NaN
2006-11-30,NaN,NaN,NaN,NaN,NaN,NaN,0.2,NaN,NaN
2006-12-05,NaN,NaN,NaN,NaN,NaN,NaN,NaN,0.2,NaN
2006-12-14,0.2,NaN,NaN,NaN,NaN,NaN,NaN,NaN,NaN
2006-12-15,NaN,NaN,NaN,0.0,0.0,NaN,NaN,NaN,NaN
2006-12-19,NaN,2.0,1.3,NaN,NaN,NaN,NaN,NaN,NaN
2006-12-21,NaN,NaN,NaN,NaN,NaN,1.9,NaN,NaN,NaN
2006-12-22,NaN,NaN,NaN,NaN,NaN,NaN,0.0,NaN,NaN
2006-12-31,NaN,NaN,NaN,NaN,NaN,NaN,NaN,NaN,0.6
2007-01-12,1.1,NaN,NaN,NaN,NaN,NaN,NaN,NaN,NaN
2007-01-17,NaN,0.9,0.2,NaN,NaN,NaN,NaN,NaN,NaN
2007-01-18,NaN,NaN,NaN,0.5,0.2,NaN,NaN,NaN,NaN
2007-02-01,NaN,NaN,NaN,NaN,NaN,NaN,0.1,NaN,NaN
2007-02-15,-1.2,NaN,NaN,NaN,NaN,NaN,NaN,NaN,NaN
2007-02-16,NaN,-0.6,0.2,NaN,NaN,NaN,NaN,NaN,NaN
2007-02-21,NaN,NaN,NaN,0.2,0.3,NaN,NaN,NaN,NaN
2007-03-01,NaN,NaN,NaN,NaN,NaN,NaN,0.3,NaN,NaN
2007-03-06,NaN,NaN,NaN,NaN,NaN,NaN,NaN,1.6,NaN
2007-03-14,0.2,NaN,NaN,NaN,NaN,NaN,NaN,NaN,NaN
2007-03-15,NaN,1.3,0.4,NaN,NaN,NaN,NaN,NaN,NaN
2007-03-16,NaN,NaN,NaN,0.4,0.2,NaN,NaN,NaN,NaN
2007-03-29,NaN,NaN,NaN,NaN,NaN,1.7,NaN,NaN,NaN
2007-03-30,NaN,NaN,NaN,NaN,NaN,NaN,0.3,NaN,NaN
2007-03-31,NaN,NaN,NaN,NaN,NaN,NaN,NaN,NaN,0.9
2007-04-12,1.7,NaN,NaN,NaN,NaN,NaN,NaN,NaN,NaN
2007-04-13,NaN,1.0,0.0,NaN,NaN,NaN,NaN,NaN,NaN
2007-04-17,NaN,NaN,NaN,0.6,0.1,NaN,NaN,NaN,NaN
2007-04-30,NaN,NaN,NaN,NaN,NaN,NaN,0.0,NaN,NaN
2007-05-10,1.3,NaN,NaN,NaN,NaN,NaN,NaN,NaN,NaN
2007-05-11,NaN,0.7,0.0,NaN,NaN,NaN,NaN,NaN,NaN
2007-05-15,NaN,NaN,NaN,0.4,0.2,NaN,NaN,NaN,NaN
2007-06-01,NaN,NaN,NaN,NaN,NaN,NaN,0.1,NaN,NaN
2007-06-06,NaN,NaN,NaN,NaN,NaN,NaN,NaN,1.0,NaN
2007-06-13,0.9,NaN,NaN,NaN,NaN,NaN,NaN,NaN,NaN
2007-06-14,NaN,0.9,0.2,NaN,NaN,NaN,NaN,NaN,NaN
2007-06-15,NaN,NaN,NaN,0.7,0.1,NaN,NaN,NaN,NaN
2007-06-28,NaN,NaN,NaN,NaN,NaN,4.2,NaN,NaN,NaN
2007-06-29,NaN,NaN,NaN,NaN,NaN,NaN,0.1,NaN,NaN
2007-06-30,NaN,NaN,NaN,NaN,NaN,NaN,NaN,NaN,0.8
2007-07-13,1.0,NaN,NaN,NaN,NaN,NaN,NaN,NaN,NaN
2007-07-17,NaN,-0.2,0.3,NaN,NaN,NaN,NaN,NaN,NaN
2007-07-18,NaN,NaN,NaN,0.2,0.2,NaN,NaN,NaN,NaN
2007-07-31,NaN,NaN,NaN,NaN,NaN,NaN,0.1,NaN,NaN
2007-08-10,1.5,NaN,NaN,NaN,NaN,NaN,NaN,NaN,NaN
2007-08-14,NaN,0.6,0.1,NaN,NaN,NaN,NaN,NaN,NaN
2007-08-15,NaN,NaN,NaN,0.1,0.2,NaN,NaN,NaN,NaN
2007-08-31,NaN,NaN,NaN,NaN,NaN,NaN,0.1,NaN,NaN
2007-09-06,NaN,NaN,NaN,NaN,NaN,NaN,NaN,2.6,NaN
2007-09-14,-0.3,NaN,NaN,NaN,NaN,NaN,NaN,NaN,NaN
2007-09-18,NaN,-1.4,0.2,NaN,NaN,NaN,NaN,NaN,NaN
2007-09-19,NaN,NaN,NaN,-0.1,0.2,NaN,NaN,NaN,NaN
2007-09-27,NaN,NaN,NaN,NaN,NaN,2.6,NaN,NaN,NaN
2007-09-28,NaN,NaN,NaN,NaN,NaN,NaN,0.1,NaN,NaN
2007-09-30,NaN,NaN,NaN,NaN,NaN,NaN,NaN,NaN,1.0
2007-10-11,1.0,NaN,NaN,NaN,NaN,NaN,NaN,NaN,NaN
2007-10-12,NaN,1.1,0.1,NaN,NaN,NaN,NaN,NaN,NaN
2007-10-17,NaN,NaN,NaN,0.3,0.2,NaN,NaN,NaN,NaN
2007-11-01,NaN,NaN,NaN,NaN,NaN,NaN,0.2,NaN,NaN
2007-11-09,1.8,NaN,NaN,NaN,NaN,NaN,NaN,NaN,NaN
2007-11-14,NaN,0.1,0.0,NaN,NaN,NaN,NaN,NaN,NaN
2007-11-15,NaN,NaN,NaN,0.3,0.2,NaN,NaN,NaN,NaN
2007-11-30,NaN,NaN,NaN,NaN,NaN,NaN,0.2,NaN,NaN
2007-12-05,NaN,NaN,NaN,NaN,NaN,NaN,NaN,6.3,NaN
2007-12-12,2.7,NaN,NaN,NaN,NaN,NaN,NaN,NaN,NaN
2007-12-13,NaN,3.2,0.4,NaN,NaN,NaN,NaN,NaN,NaN
2007-12-14,NaN,NaN,NaN,0.8,0.3,NaN,NaN,NaN,NaN
2007-12-20,NaN,NaN,NaN,NaN,NaN,1.0,NaN,NaN,NaN
2007-12-21,NaN,NaN,NaN,NaN,NaN,NaN,0.2,NaN,NaN
2007-12-31,NaN,NaN,NaN,NaN,NaN,NaN,NaN,NaN,0.6
2008-01-11,0.0,NaN,NaN,NaN,NaN,NaN,NaN,NaN,NaN
2008-01-15,NaN,-0.1,0.2,NaN,NaN,NaN,NaN,NaN,NaN
2008-01-16,NaN,NaN,NaN,0.3,0.2,NaN,NaN,NaN,NaN
2008-01-31,NaN,NaN,NaN,NaN,NaN,NaN,0.2,NaN,NaN
2008-02-15,1.7,NaN,NaN,NaN,NaN,NaN,NaN,NaN,NaN
2008-02-20,NaN,NaN,NaN,0.4,0.3,NaN,NaN,NaN,NaN
2008-02-26,NaN,1.0,0.4,NaN,NaN,NaN,NaN,NaN,NaN
2008-02-29,NaN,NaN,NaN,NaN,NaN,NaN,0.3,NaN,NaN
2008-03-05,NaN,NaN,NaN,NaN,NaN,NaN,NaN,1.9,NaN
2008-03-13,0.2,NaN,NaN,NaN,NaN,NaN,NaN,NaN,NaN
2008-03-14,NaN,NaN,NaN,0.0,0.0,NaN,NaN,NaN,NaN
2008-03-18,NaN,0.3,0.5,NaN,NaN,NaN,NaN,NaN,NaN
2008-03-27,NaN,NaN,NaN,NaN,NaN,2.4,NaN,NaN,NaN
2008-03-28,NaN,NaN,NaN,NaN,NaN,NaN,0.1,NaN,NaN
2008-03-31,NaN,NaN,NaN,NaN,NaN,NaN,NaN,NaN,0.8
2008-04-11,2.8,NaN,NaN,NaN,NaN,NaN,NaN,NaN,NaN
2008-04-15,NaN,1.1,0.2,NaN,NaN,NaN,NaN,NaN,NaN
2008-04-16,NaN,NaN,NaN,0.3,0.2,NaN,NaN,NaN,NaN
2008-05-01,NaN,NaN,NaN,NaN,NaN,NaN,0.2,NaN,NaN
2008-05-13,1.8,NaN,NaN,NaN,NaN,NaN,NaN,NaN,NaN
2008-05-14,NaN,NaN,NaN,0.2,0.1,NaN,NaN,NaN,NaN
2008-05-20,NaN,0.2,0.4,NaN,NaN,NaN,NaN,NaN,NaN
2008-05-30,NaN,NaN,NaN,NaN,NaN,NaN,0.1,NaN,NaN
2008-06-04,NaN,NaN,NaN,NaN,NaN,NaN,NaN,2.6,NaN
2008-06-12,2.3,NaN,NaN,NaN,NaN,NaN,NaN,NaN,NaN
2008-06-13,NaN,NaN,NaN,0.6,0.2,NaN,NaN,NaN,NaN
2008-06-17,NaN,1.4,0.2,NaN,NaN,NaN,NaN,NaN,NaN
2008-06-26,NaN,NaN,NaN,NaN,NaN,2.7,NaN,NaN,NaN
2008-06-27,NaN,NaN,NaN,NaN,NaN,NaN,0.1,NaN,NaN
2008-06-30,NaN,NaN,NaN,NaN,NaN,NaN,NaN,NaN,0.7
2008-07-11,2.6,NaN,NaN,NaN,NaN,NaN,NaN,NaN,NaN
2008-07-15,NaN,1.8,0.2,NaN,NaN,NaN,NaN,NaN,NaN
2008-07-16,NaN,NaN,NaN,1.1,0.3,NaN,NaN,NaN,NaN
2008-08-04,NaN,NaN,NaN,NaN,NaN,NaN,0.3,NaN,NaN
2008-08-13,1.7,NaN,NaN,NaN,NaN,NaN,NaN,NaN,NaN
2008-08-14,NaN,NaN,NaN,0.8,0.3,NaN,NaN,NaN,NaN
2008-08-19,NaN,1.2,0.7,NaN,NaN,NaN,NaN,NaN,NaN
2008-08-29,NaN,NaN,NaN,NaN,NaN,NaN,0.3,NaN,NaN
2008-09-04,NaN,NaN,NaN,NaN,NaN,NaN,NaN,4.3,NaN
2008-09-11,-3.7,NaN,NaN,NaN,NaN,NaN,NaN,NaN,NaN
2008-09-12,NaN,-0.9,0.2,NaN,NaN,NaN,NaN,NaN,NaN
2008-09-16,NaN,NaN,NaN,-0.1,0.2,NaN,NaN,NaN,NaN
2008-09-26,NaN,NaN,NaN,NaN,NaN,1.1,NaN,NaN,NaN
2008-09-29,NaN,NaN,NaN,NaN,NaN,NaN,0.2,NaN,NaN
2008-09-30,NaN,NaN,NaN,NaN,NaN,NaN,NaN,NaN,0.8
2008-10-10,-3.0,NaN,NaN,NaN,NaN,NaN,NaN,NaN,NaN
2008-10-15,NaN,-0.4,0.4,NaN,NaN,NaN,NaN,NaN,NaN
2008-10-16,NaN,NaN,NaN,0.0,0.1,NaN,NaN,NaN,NaN
2008-10-31,NaN,NaN,NaN,NaN,NaN,NaN,0.2,NaN,NaN
2008-11-14,-4.7,NaN,NaN,NaN,NaN,NaN,NaN,NaN,NaN
2008-11-18,NaN,-2.8,0.4,NaN,NaN,NaN,NaN,NaN,NaN
2008-11-19,NaN,NaN,NaN,-1.0,-0.1,NaN,NaN,NaN,NaN
2008-11-26,NaN,NaN,NaN,NaN,NaN,NaN,0.0,NaN,NaN
2008-12-03,NaN,NaN,NaN,NaN,NaN,NaN,NaN,1.3,NaN
2008-12-11,-6.7,NaN,NaN,NaN,NaN,NaN,NaN,NaN,NaN
2008-12-12,NaN,-2.2,0.1,NaN,NaN,NaN,NaN,NaN,NaN
2008-12-16,NaN,NaN,NaN,-1.7,0.0,NaN,NaN,NaN,NaN
2008-12-23,NaN,NaN,NaN,NaN,NaN,3.9,NaN,NaN,NaN
2008-12-24,NaN,NaN,NaN,NaN,NaN,NaN,0.0,NaN,NaN
2008-12-31,NaN,NaN,NaN,NaN,NaN,NaN,NaN,NaN,0.3
2009-01-14,-4.2,NaN,NaN,NaN,NaN,NaN,NaN,NaN,NaN
2009-01-15,NaN,-1.9,0.2,NaN,NaN,NaN,NaN,NaN,NaN
2009-01-16,NaN,NaN,NaN,-0.7,0.0,NaN,NaN,NaN,NaN
2009-02-02,NaN,NaN,NaN,NaN,NaN,NaN,0.0,NaN,NaN
2009-02-18,-1.1,NaN,NaN,NaN,NaN,NaN,NaN,NaN,NaN
2009-02-19,NaN,0.8,0.4,NaN,NaN,NaN,NaN,NaN,NaN
2009-02-20,NaN,NaN,NaN,0.3,0.2,NaN,NaN,NaN,NaN
2009-03-02,NaN,NaN,NaN,NaN,NaN,NaN,0.1,NaN,NaN
2009-03-05,NaN,NaN,NaN,NaN,NaN,NaN,NaN,-0.4,NaN
2009-03-13,-0.2,NaN,NaN,NaN,NaN,NaN,NaN,NaN,NaN
2009-03-17,NaN,0.1,0.2,NaN,NaN,NaN,NaN,NaN,NaN
2009-03-18,NaN,NaN,NaN,0.4,0.2,NaN,NaN,NaN,NaN
2009-03-26,NaN,NaN,NaN,NaN,NaN,0.5,NaN,NaN,NaN
2009-03-27,NaN,NaN,NaN,NaN,NaN,NaN,0.2,NaN,NaN
2009-03-31,NaN,NaN,NaN,NaN,NaN,NaN,NaN,NaN,0.4
2009-04-09,0.5,NaN,NaN,NaN,NaN,NaN,NaN,NaN,NaN
2009-04-14,NaN,-1.2,0.0,NaN,NaN,NaN,NaN,NaN,NaN
2009-04-15,NaN,NaN,NaN,-0.1,0.2,NaN,NaN,NaN,NaN
2009-04-30,NaN,NaN,NaN,NaN,NaN,NaN,0.2,NaN,NaN
2009-05-13,1.6,NaN,NaN,NaN,NaN,NaN,NaN,NaN,NaN
2009-05-14,NaN,0.3,0.1,NaN,NaN,NaN,NaN,NaN,NaN
2009-05-15,NaN,NaN,NaN,0.0,0.3,NaN,NaN,NaN,NaN
2009-06-01,NaN,NaN,NaN,NaN,NaN,NaN,0.3,NaN,NaN
2009-06-04,NaN,NaN,NaN,NaN,NaN,NaN,NaN,1.6,NaN
2009-06-12,1.3,NaN,NaN,NaN,NaN,NaN,NaN,NaN,NaN
2009-06-16,NaN,0.2,-0.1,NaN,NaN,NaN,NaN,NaN,NaN
2009-06-17,NaN,NaN,NaN,0.1,0.1,NaN,NaN,NaN,NaN
2009-06-25,NaN,NaN,NaN,NaN,NaN,2.8,NaN,NaN,NaN
2009-06-26,NaN,NaN,NaN,NaN,NaN,NaN,0.1,NaN,NaN
2009-06-30,NaN,NaN,NaN,NaN,NaN,NaN,NaN,NaN,0.3
2009-07-10,3.2,NaN,NaN,NaN,NaN,NaN,NaN,NaN,NaN
2009-07-14,NaN,1.8,0.5,NaN,NaN,NaN,NaN,NaN,NaN
2009-07-15,NaN,NaN,NaN,0.7,0.2,NaN,NaN,NaN,NaN
2009-08-04,NaN,NaN,NaN,NaN,NaN,NaN,0.2,NaN,NaN
2009-08-13,-0.7,NaN,NaN,NaN,NaN,NaN,NaN,NaN,NaN
2009-08-14,NaN,NaN,NaN,0.0,0.1,NaN,NaN,NaN,NaN
2009-08-18,NaN,-0.9,-0.1,NaN,NaN,NaN,NaN,NaN,NaN
2009-08-28,NaN,NaN,NaN,NaN,NaN,NaN,0.1,NaN,NaN
2009-09-02,NaN,NaN,NaN,NaN,NaN,NaN,NaN,6.6,NaN
2009-09-11,2.0,NaN,NaN,NaN,NaN,NaN,NaN,NaN,NaN
2009-09-15,NaN,1.7,0.2,NaN,NaN,NaN,NaN,NaN,NaN
2009-09-16,NaN,NaN,NaN,0.4,0.1,NaN,NaN,NaN,NaN
2009-09-30,NaN,NaN,NaN,NaN,NaN,0.0,NaN,NaN,0.5
2009-10-01,NaN,NaN,NaN,NaN,NaN,NaN,0.1,NaN,NaN
2009-10-14,0.1,NaN,NaN,NaN,NaN,NaN,NaN,NaN,NaN
2009-10-15,NaN,NaN,NaN,0.2,0.2,NaN,NaN,NaN,NaN
2009-10-20,NaN,-0.6,-0.1,NaN,NaN,NaN,NaN,NaN,NaN
2009-10-30,NaN,NaN,NaN,NaN,NaN,NaN,0.1,NaN,NaN
2009-11-13,0.7,NaN,NaN,NaN,NaN,NaN,NaN,NaN,NaN
2009-11-17,NaN,0.3,-0.6,NaN,NaN,NaN,NaN,NaN,NaN
2009-11-18,NaN,NaN,NaN,0.3,0.2,NaN,NaN,NaN,NaN
2009-11-25,NaN,NaN,NaN,NaN,NaN,NaN,0.2,NaN,NaN
2009-12-03,NaN,NaN,NaN,NaN,NaN,NaN,NaN,8.1,NaN
2009-12-11,1.7,NaN,NaN,NaN,NaN,NaN,NaN,NaN,NaN
2009-12-15,NaN,1.8,0.5,NaN,NaN,NaN,NaN,NaN,NaN
2009-12-16,NaN,NaN,NaN,0.4,0.0,NaN,NaN,NaN,NaN
2009-12-22,NaN,NaN,NaN,NaN,NaN,0.4,NaN,NaN,NaN
2009-12-23,NaN,NaN,NaN,NaN,NaN,NaN,0.0,NaN,NaN
2009-12-31,NaN,NaN,NaN,NaN,NaN,NaN,NaN,NaN,0.2
2010-01-14,0.0,NaN,NaN,NaN,NaN,NaN,NaN,NaN,NaN
2010-01-15,NaN,NaN,NaN,0.1,0.1,NaN,NaN,NaN,NaN
2010-01-20,NaN,0.2,0.0,NaN,NaN,NaN,NaN,NaN,NaN
2010-02-01,NaN,NaN,NaN,NaN,NaN,NaN,0.1,NaN,NaN
2010-02-17,1.4,NaN,NaN,NaN,NaN,NaN,NaN,NaN,NaN
2010-02-18,NaN,1.4,0.3,NaN,NaN,NaN,NaN,NaN,NaN
2010-02-19,NaN,NaN,NaN,0.2,-0.1,NaN,NaN,NaN,NaN
2010-03-01,NaN,NaN,NaN,NaN,NaN,NaN,0.0,NaN,NaN
2010-03-04,NaN,NaN,NaN,NaN,NaN,NaN,NaN,6.9,NaN
2010-03-16,-0.3,NaN,NaN,NaN,NaN,NaN,NaN,NaN,NaN
2010-03-17,NaN,-0.6,0.1,NaN,NaN,NaN,NaN,NaN,NaN
2010-03-18,NaN,NaN,NaN,0.0,0.1,NaN,NaN,NaN,NaN
2010-03-26,NaN,NaN,NaN,NaN,NaN,0.5,NaN,NaN,NaN
2010-03-29,NaN,NaN,NaN,NaN,NaN,NaN,0.0,NaN,NaN
2010-03-31,NaN,NaN,NaN,NaN,NaN,NaN,NaN,NaN,0.7
2010-04-13,0.7,NaN,NaN,NaN,NaN,NaN,NaN,NaN,NaN
2010-04-14,NaN,NaN,NaN,0.1,0.0,NaN,NaN,NaN,NaN
2010-04-22,NaN,0.7,0.1,NaN,NaN,NaN,NaN,NaN,NaN
2010-05-03,NaN,NaN,NaN,NaN,NaN,NaN,0.1,NaN,NaN
2010-05-13,0.9,NaN,NaN,NaN,NaN,NaN,NaN,NaN,NaN
2010-05-18,NaN,-0.1,0.2,NaN,NaN,NaN,NaN,NaN,NaN
2010-05-19,NaN,NaN,NaN,-0.1,0.0,NaN,NaN,NaN,NaN
2010-05-28,NaN,NaN,NaN,NaN,NaN,NaN,0.1,NaN,NaN
2010-06-03,NaN,NaN,NaN,NaN,NaN,NaN,NaN,2.8,NaN
2010-06-15,-0.6,NaN,NaN,NaN,NaN,NaN,NaN,NaN,NaN
2010-06-16,NaN,-0.3,0.2,NaN,NaN,NaN,NaN,NaN,NaN
2010-06-17,NaN,NaN,NaN,-0.2,0.1,NaN,NaN,NaN,NaN
2010-06-25,NaN,NaN,NaN,NaN,NaN,1.1,NaN,NaN,NaN
2010-06-28,NaN,NaN,NaN,NaN,NaN,NaN,0.2,NaN,NaN
2010-06-30,NaN,NaN,NaN,NaN,NaN,NaN,NaN,NaN,0.4
2010-07-14,-1.3,NaN,NaN,NaN,NaN,NaN,NaN,NaN,NaN
2010-07-15,NaN,-0.5,0.1,NaN,NaN,NaN,NaN,NaN,NaN
2010-07-16,NaN,NaN,NaN,-0.1,0.2,NaN,NaN,NaN,NaN
2010-08-03,NaN,NaN,NaN,NaN,NaN,NaN,0.0,NaN,NaN
2010-08-12,0.2,NaN,NaN,NaN,NaN,NaN,NaN,NaN,NaN
2010-08-13,NaN,NaN,NaN,0.3,0.1,NaN,NaN,NaN,NaN
2010-08-17,NaN,0.2,0.3,NaN,NaN,NaN,NaN,NaN,NaN
2010-08-30,NaN,NaN,NaN,NaN,NaN,NaN,0.1,NaN,NaN
2010-09-02,NaN,NaN,NaN,NaN,NaN,NaN,NaN,-1.8,NaN
2010-09-15,0.6,NaN,NaN,NaN,NaN,NaN,NaN,NaN,NaN
2010-09-16,NaN,0.4,0.1,NaN,NaN,NaN,NaN,NaN,NaN
2010-09-17,NaN,NaN,NaN,0.3,0.0,NaN,NaN,NaN,NaN
2010-09-30,NaN,NaN,NaN,NaN,NaN,1.9,NaN,NaN,0.5
2010-10-01,NaN,NaN,NaN,NaN,NaN,NaN,0.1,NaN,NaN
2010-10-13,-0.3,NaN,NaN,NaN,NaN,NaN,NaN,NaN,NaN
2010-10-14,NaN,0.4,0.1,NaN,NaN,NaN,NaN,NaN,NaN
2010-10-15,NaN,NaN,NaN,0.1,0.0,NaN,NaN,NaN,NaN
2010-11-01,NaN,NaN,NaN,NaN,NaN,NaN,0.0,NaN,NaN
2010-11-10,0.9,NaN,NaN,NaN,NaN,NaN,NaN,NaN,NaN
2010-11-16,NaN,0.4,-0.6,NaN,NaN,NaN,NaN,NaN,NaN
2010-11-17,NaN,NaN,NaN,0.2,0.0,NaN,NaN,NaN,NaN
2010-11-24,NaN,NaN,NaN,NaN,NaN,NaN,0.0,NaN,NaN
2010-12-01,NaN,NaN,NaN,NaN,NaN,NaN,NaN,2.3,NaN
2010-12-10,1.3,NaN,NaN,NaN,NaN,NaN,NaN,NaN,NaN
2010-12-14,NaN,0.8,0.3,NaN,NaN,NaN,NaN,NaN,NaN
2010-12-15,NaN,NaN,NaN,0.1,0.1,NaN,NaN,NaN,NaN
2010-12-22,NaN,NaN,NaN,NaN,NaN,2.1,NaN,NaN,NaN
2010-12-23,NaN,NaN,NaN,NaN,NaN,NaN,0.1,NaN,NaN
2010-12-31,NaN,NaN,NaN,NaN,NaN,NaN,NaN,NaN,0.3
2011-01-12,1.1,NaN,NaN,NaN,NaN,NaN,NaN,NaN,NaN
2011-01-13,NaN,1.1,0.2,NaN,NaN,NaN,NaN,NaN,NaN
2011-01-14,NaN,NaN,NaN,0.5,0.1,NaN,NaN,NaN,NaN
2011-01-31,NaN,NaN,NaN,NaN,NaN,NaN,0.0,NaN,NaN
2011-02-15,1.5,NaN,NaN,NaN,NaN,NaN,NaN,NaN,NaN
2011-02-16,NaN,0.8,0.5,NaN,NaN,NaN,NaN,NaN,NaN
2011-02-17,NaN,NaN,NaN,0.4,0.2,NaN,NaN,NaN,NaN
2011-02-28,NaN,NaN,NaN,NaN,NaN,NaN,0.1,NaN,NaN
2011-03-03,NaN,NaN,NaN,NaN,NaN,NaN,NaN,2.6,NaN
2011-03-15,1.4,NaN,NaN,NaN,NaN,NaN,NaN,NaN,NaN
2011-03-16,NaN,1.6,0.2,NaN,NaN,NaN,NaN,NaN,NaN
2011-03-17,NaN,NaN,NaN,0.5,0.2,NaN,NaN,NaN,NaN
2011-03-25,NaN,NaN,NaN,NaN,NaN,0.4,NaN,NaN,NaN
2011-03-28,NaN,NaN,NaN,NaN,NaN,NaN,0.2,NaN,NaN
2011-03-31,NaN,NaN,NaN,NaN,NaN,NaN,NaN,NaN,0.7
2011-04-12,2.7,NaN,NaN,NaN,NaN,NaN,NaN,NaN,NaN
2011-04-14,NaN,0.7,0.3,NaN,NaN,NaN,NaN,NaN,NaN
2011-04-15,NaN,NaN,NaN,0.5,0.1,NaN,NaN,NaN,NaN
2011-04-29,NaN,NaN,NaN,NaN,NaN,NaN,0.1,NaN,NaN
2011-05-10,2.2,NaN,NaN,NaN,NaN,NaN,NaN,NaN,NaN
2011-05-12,NaN,0.8,0.3,NaN,NaN,NaN,NaN,NaN,NaN
2011-05-13,NaN,NaN,NaN,0.4,0.2,NaN,NaN,NaN,NaN
2011-05-27,NaN,NaN,NaN,NaN,NaN,NaN,0.2,NaN,NaN
2011-06-02,NaN,NaN,NaN,NaN,NaN,NaN,NaN,1.8,NaN
2011-06-10,0.2,NaN,NaN,NaN,NaN,NaN,NaN,NaN,NaN
2011-06-14,NaN,0.2,0.2,NaN,NaN,NaN,NaN,NaN,NaN
2011-06-15,NaN,NaN,NaN,0.2,0.3,NaN,NaN,NaN,NaN
2011-06-24,NaN,NaN,NaN,NaN,NaN,2.0,NaN,NaN,NaN
2011-06-27,NaN,NaN,NaN,NaN,NaN,NaN,0.3,NaN,NaN
2011-06-30,NaN,NaN,NaN,NaN,NaN,NaN,NaN,NaN,0.7
2011-07-13,-0.5,NaN,NaN,NaN,NaN,NaN,NaN,NaN,NaN
2011-07-14,NaN,-0.4,0.3,NaN,NaN,NaN,NaN,NaN,NaN
2011-07-15,NaN,NaN,NaN,-0.2,0.3,NaN,NaN,NaN,NaN
2011-08-02,NaN,NaN,NaN,NaN,NaN,NaN,0.1,NaN,NaN
2011-08-16,0.3,NaN,NaN,NaN,NaN,NaN,NaN,NaN,NaN
2011-08-17,NaN,0.2,0.4,NaN,NaN,NaN,NaN,NaN,NaN
2011-08-18,NaN,NaN,NaN,0.5,0.2,NaN,NaN,NaN,NaN
2011-08-29,NaN,NaN,NaN,NaN,NaN,NaN,0.2,NaN,NaN
2011-09-01,NaN,NaN,NaN,NaN,NaN,NaN,NaN,-0.7,NaN
2011-09-13,-0.4,NaN,NaN,NaN,NaN,NaN,NaN,NaN,NaN
2011-09-14,NaN,0.0,0.1,NaN,NaN,NaN,NaN,NaN,NaN
2011-09-15,NaN,NaN,NaN,0.4,0.2,NaN,NaN,NaN,NaN
2011-09-29,NaN,NaN,NaN,NaN,NaN,2.5,NaN,NaN,NaN
2011-09-30,NaN,NaN,NaN,NaN,NaN,NaN,0.1,NaN,0.3
2011-10-14,0.3,NaN,NaN,NaN,NaN,NaN,NaN,NaN,NaN
2011-10-18,NaN,0.8,0.2,NaN,NaN,NaN,NaN,NaN,NaN
2011-10-19,NaN,NaN,NaN,0.3,0.1,NaN,NaN,NaN,NaN
2011-10-28,NaN,NaN,NaN,NaN,NaN,NaN,0.0,NaN,NaN
2011-11-10,-0.6,NaN,NaN,NaN,NaN,NaN,NaN,NaN,NaN
2011-11-15,NaN,-0.3,0.0,NaN,NaN,NaN,NaN,NaN,NaN
2011-11-16,NaN,NaN,NaN,-0.1,0.1,NaN,NaN,NaN,NaN
2011-11-23,NaN,NaN,NaN,NaN,NaN,NaN,0.1,NaN,NaN
2011-11-30,NaN,NaN,NaN,NaN,NaN,NaN,NaN,2.3,NaN
2011-12-14,0.7,NaN,NaN,NaN,NaN,NaN,NaN,NaN,NaN
2011-12-15,NaN,0.3,0.1,NaN,NaN,NaN,NaN,NaN,NaN
2011-12-16,NaN,NaN,NaN,0.0,0.2,NaN,NaN,NaN,NaN
2011-12-22,NaN,NaN,NaN,NaN,NaN,2.6,NaN,NaN,NaN
2011-12-23,NaN,NaN,NaN,NaN,NaN,NaN,0.1,NaN,NaN
2011-12-31,NaN,NaN,NaN,NaN,NaN,NaN,NaN,NaN,0.3
2012-01-13,-0.1,NaN,NaN,NaN,NaN,NaN,NaN,NaN,NaN
2012-01-18,NaN,-0.1,0.3,NaN,NaN,NaN,NaN,NaN,NaN
2012-01-19,NaN,NaN,NaN,0.0,0.1,NaN,NaN,NaN,NaN
2012-01-30,NaN,NaN,NaN,NaN,NaN,NaN,0.2,NaN,NaN
2012-02-14,0.3,NaN,NaN,NaN,NaN,NaN,NaN,NaN,NaN
2012-02-16,NaN,0.1,0.4,NaN,NaN,NaN,NaN,NaN,NaN
2012-02-17,NaN,NaN,NaN,0.2,0.2,NaN,NaN,NaN,NaN
2012-03-01,NaN,NaN,NaN,NaN,NaN,NaN,0.2,NaN,NaN
2012-03-07,NaN,NaN,NaN,NaN,NaN,NaN,NaN,0.9,NaN
2012-03-14,0.4,NaN,NaN,NaN,NaN,NaN,NaN,NaN,NaN
2012-03-15,NaN,0.4,0.2,NaN,NaN,NaN,NaN,NaN,NaN
2012-03-16,NaN,NaN,NaN,0.4,0.1,NaN,NaN,NaN,NaN
2012-03-29,NaN,NaN,NaN,NaN,NaN,0.9,NaN,NaN,NaN
2012-03-30,NaN,NaN,NaN,NaN,NaN,NaN,0.1,NaN,NaN
2012-03-31,NaN,NaN,NaN,NaN,NaN,NaN,NaN,NaN,0.6
2012-04-11,1.3,NaN,NaN,NaN,NaN,NaN,NaN,NaN,NaN
2012-04-12,NaN,0.0,0.3,NaN,NaN,NaN,NaN,NaN,NaN
2012-04-13,NaN,NaN,NaN,0.3,0.2,NaN,NaN,NaN,NaN
2012-04-30,NaN,NaN,NaN,NaN,NaN,NaN,0.2,NaN,NaN
2012-05-10,-0.5,NaN,NaN,NaN,NaN,NaN,NaN,NaN,NaN
2012-05-11,NaN,-0.2,0.2,NaN,NaN,NaN,NaN,NaN,NaN
2012-05-15,NaN,NaN,NaN,0.0,0.2,NaN,NaN,NaN,NaN
2012-06-01,NaN,NaN,NaN,NaN,NaN,NaN,0.1,NaN,NaN
2012-06-06,NaN,NaN,NaN,NaN,NaN,NaN,NaN,-0.9,NaN
2012-06-12,-1.0,NaN,NaN,NaN,NaN,NaN,NaN,NaN,NaN
2012-06-13,NaN,-1.0,0.2,NaN,NaN,NaN,NaN,NaN,NaN
2012-06-14,NaN,NaN,NaN,-0.3,0.2,NaN,NaN,NaN,NaN
2012-06-28,NaN,NaN,NaN,NaN,NaN,2.0,NaN,NaN,NaN
2012-06-29,NaN,NaN,NaN,NaN,NaN,NaN,0.1,NaN,NaN
2012-06-30,NaN,NaN,NaN,NaN,NaN,NaN,NaN,NaN,0.5
2012-07-12,-2.7,NaN,NaN,NaN,NaN,NaN,NaN,NaN,NaN
2012-07-13,NaN,0.1,0.2,NaN,NaN,NaN,NaN,NaN,NaN
2012-07-17,NaN,NaN,NaN,0.0,0.2,NaN,NaN,NaN,NaN
2012-07-31,NaN,NaN,NaN,NaN,NaN,NaN,0.2,NaN,NaN
2012-08-10,-0.6,NaN,NaN,NaN,NaN,NaN,NaN,NaN,NaN
2012-08-14,NaN,0.3,0.4,NaN,NaN,NaN,NaN,NaN,NaN
2012-08-15,NaN,NaN,NaN,0.0,0.1,NaN,NaN,NaN,NaN
2012-08-30,NaN,NaN,NaN,NaN,NaN,NaN,0.0,NaN,NaN
2012-09-05,NaN,NaN,NaN,NaN,NaN,NaN,NaN,2.2,NaN
2012-09-12,0.7,NaN,NaN,NaN,NaN,NaN,NaN,NaN,NaN
2012-09-13,NaN,1.7,0.2,NaN,NaN,NaN,NaN,NaN,NaN
2012-09-14,NaN,NaN,NaN,0.6,0.1,NaN,NaN,NaN,NaN
2012-09-27,NaN,NaN,NaN,NaN,NaN,1.6,NaN,NaN,NaN
2012-09-28,NaN,NaN,NaN,NaN,NaN,NaN,0.1,NaN,NaN
2012-09-30,NaN,NaN,NaN,NaN,NaN,NaN,NaN,NaN,0.5
2012-10-11,1.1,NaN,NaN,NaN,NaN,NaN,NaN,NaN,NaN
2012-10-12,NaN,1.1,0.0,NaN,NaN,NaN,NaN,NaN,NaN
2012-10-16,NaN,NaN,NaN,0.6,0.1,NaN,NaN,NaN,NaN
2012-10-29,NaN,NaN,NaN,NaN,NaN,NaN,0.1,NaN,NaN
2012-11-09,0.5,NaN,NaN,NaN,NaN,NaN,NaN,NaN,NaN
2012-11-14,NaN,-0.2,-0.2,NaN,NaN,NaN,NaN,NaN,NaN
2012-11-15,NaN,NaN,NaN,0.1,0.2,NaN,NaN,NaN,NaN
2012-11-30,NaN,NaN,NaN,NaN,NaN,NaN,0.1,NaN,NaN
2012-12-05,NaN,NaN,NaN,NaN,NaN,NaN,NaN,2.9,NaN
2012-12-12,-0.9,NaN,NaN,NaN,NaN,NaN,NaN,NaN,NaN
2012-12-13,NaN,-0.8,0.1,NaN,NaN,NaN,NaN,NaN,NaN
2012-12-14,NaN,NaN,NaN,-0.3,0.1,NaN,NaN,NaN,NaN
2012-12-20,NaN,NaN,NaN,NaN,NaN,2.7,NaN,NaN,NaN
2012-12-21,NaN,NaN,NaN,NaN,NaN,NaN,0.0,NaN,NaN
2012-12-31,NaN,NaN,NaN,NaN,NaN,NaN,NaN,NaN,0.3
2013-01-11,-0.1,NaN,NaN,NaN,NaN,NaN,NaN,NaN,NaN
2013-01-15,NaN,-0.2,0.1,NaN,NaN,NaN,NaN,NaN,NaN
2013-01-16,NaN,NaN,NaN,0.0,0.1,NaN,NaN,NaN,NaN
2013-01-31,NaN,NaN,NaN,NaN,NaN,NaN,0.0,NaN,NaN
2013-02-13,0.6,NaN,NaN,NaN,NaN,NaN,NaN,NaN,NaN
2013-02-20,NaN,0.2,0.2,NaN,NaN,NaN,NaN,NaN,NaN
2013-02-21,NaN,NaN,NaN,0.0,0.3,NaN,NaN,NaN,NaN
2013-03-01,NaN,NaN,NaN,NaN,NaN,NaN,0.1,NaN,NaN
2013-03-07,NaN,NaN,NaN,NaN,NaN,NaN,NaN,-1.9,NaN
2013-03-13,1.1,NaN,NaN,NaN,NaN,NaN,NaN,NaN,NaN
2013-03-14,NaN,0.7,0.2,NaN,NaN,NaN,NaN,NaN,NaN
2013-03-15,NaN,NaN,NaN,0.7,0.2,NaN,NaN,NaN,NaN
2013-03-28,NaN,NaN,NaN,NaN,NaN,1.0,NaN,NaN,NaN
2013-03-29,NaN,NaN,NaN,NaN,NaN,NaN,0.1,NaN,NaN
2013-03-31,NaN,NaN,NaN,NaN,NaN,NaN,NaN,NaN,0.6
2013-04-11,-0.5,NaN,NaN,NaN,NaN,NaN,NaN,NaN,NaN
2013-04-12,NaN,-0.6,0.2,NaN,NaN,NaN,NaN,NaN,NaN
2013-04-16,NaN,NaN,NaN,-0.2,0.1,NaN,NaN,NaN,NaN
2013-04-29,NaN,NaN,NaN,NaN,NaN,NaN,0.0,NaN,NaN
2013-05-14,-0.5,NaN,NaN,NaN,NaN,NaN,NaN,NaN,NaN
2013-05-15,NaN,-0.7,0.1,NaN,NaN,NaN,NaN,NaN,NaN
2013-05-16,NaN,NaN,NaN,-0.4,0.1,NaN,NaN,NaN,NaN
2013-05-31,NaN,NaN,NaN,NaN,NaN,NaN,0.0,NaN,NaN
2013-06-05,NaN,NaN,NaN,NaN,NaN,NaN,NaN,0.5,NaN
2013-06-13,-0.6,NaN,NaN,NaN,NaN,NaN,NaN,NaN,NaN
2013-06-14,NaN,0.5,0.1,NaN,NaN,NaN,NaN,NaN,NaN
2013-06-18,NaN,NaN,NaN,0.1,0.2,NaN,NaN,NaN,NaN
2013-06-26,NaN,NaN,NaN,NaN,NaN,1.2,NaN,NaN,NaN
2013-06-27,NaN,NaN,NaN,NaN,NaN,NaN,0.1,NaN,NaN
2013-06-30,NaN,NaN,NaN,NaN,NaN,NaN,NaN,NaN,0.5
2013-07-11,-0.2,NaN,NaN,NaN,NaN,NaN,NaN,NaN,NaN
2013-07-12,NaN,0.8,0.2,NaN,NaN,NaN,NaN,NaN,NaN
2013-07-16,NaN,NaN,NaN,0.5,0.2,NaN,NaN,NaN,NaN
2013-08-02,NaN,NaN,NaN,NaN,NaN,NaN,0.2,NaN,NaN
2013-08-13,0.2,NaN,NaN,NaN,NaN,NaN,NaN,NaN,NaN
2013-08-14,NaN,0.0,0.1,NaN,NaN,NaN,NaN,NaN,NaN
2013-08-15,NaN,NaN,NaN,0.2,0.2,NaN,NaN,NaN,NaN
2013-08-30,NaN,NaN,NaN,NaN,NaN,NaN,0.1,NaN,NaN
2013-09-05,NaN,NaN,NaN,NaN,NaN,NaN,NaN,2.3,NaN
2013-09-12,0.0,NaN,NaN,NaN,NaN,NaN,NaN,NaN,NaN
2013-09-13,NaN,0.3,0.0,NaN,NaN,NaN,NaN,NaN,NaN
2013-09-17,NaN,NaN,NaN,0.1,0.1,NaN,NaN,NaN,NaN
2013-09-26,NaN,NaN,NaN,NaN,NaN,0.6,NaN,NaN,NaN
2013-09-27,NaN,NaN,NaN,NaN,NaN,NaN,0.2,NaN,NaN
2013-09-30,NaN,NaN,NaN,NaN,NaN,NaN,NaN,NaN,0.5
2013-10-23,0.2,NaN,NaN,NaN,NaN,NaN,NaN,NaN,NaN
2013-10-29,NaN,-0.1,0.1,NaN,NaN,NaN,NaN,NaN,NaN
2013-10-30,NaN,NaN,NaN,0.2,0.1,NaN,NaN,NaN,NaN
2013-11-08,NaN,NaN,NaN,NaN,NaN,NaN,0.1,NaN,NaN
2013-11-15,-0.7,NaN,NaN,NaN,NaN,NaN,NaN,NaN,NaN
2013-11-20,NaN,NaN,NaN,-0.1,0.1,NaN,NaN,NaN,NaN
2013-11-21,NaN,-0.2,0.2,NaN,NaN,NaN,NaN,NaN,NaN
2013-12-06,NaN,NaN,NaN,NaN,NaN,NaN,0.1,NaN,NaN
2013-12-12,-0.6,NaN,NaN,NaN,NaN,NaN,NaN,NaN,NaN
2013-12-13,NaN,-0.1,0.1,NaN,NaN,NaN,NaN,NaN,NaN
2013-12-16,NaN,NaN,NaN,NaN,NaN,NaN,NaN,3.0,NaN
2013-12-17,NaN,NaN,NaN,0.0,0.2,NaN,NaN,NaN,NaN
2013-12-20,NaN,NaN,NaN,NaN,NaN,2.0,NaN,NaN,NaN
2013-12-23,NaN,NaN,NaN,NaN,NaN,NaN,0.1,NaN,NaN
2013-12-31,NaN,NaN,NaN,NaN,NaN,NaN,NaN,NaN,0.3
2014-01-14,0.0,NaN,NaN,NaN,NaN,NaN,NaN,NaN,NaN
2014-01-15,NaN,0.4,0.3,NaN,NaN,NaN,NaN,NaN,NaN
2014-01-16,NaN,NaN,NaN,0.3,0.1,NaN,NaN,NaN,NaN
2014-01-31,NaN,NaN,NaN,NaN,NaN,NaN,0.1,NaN,NaN
2014-02-14,0.1,NaN,NaN,NaN,NaN,NaN,NaN,NaN,NaN
2014-02-20,NaN,NaN,NaN,0.1,0.1,NaN,NaN,NaN,NaN
2014-03-03,NaN,NaN,NaN,NaN,NaN,NaN,0.1,NaN,NaN
2014-03-06,NaN,NaN,NaN,NaN,NaN,NaN,NaN,1.8,NaN
2014-03-13,0.9,NaN,NaN,NaN,NaN,NaN,NaN,NaN,NaN
2014-03-18,NaN,NaN,NaN,0.1,0.1,NaN,NaN,NaN,NaN
2014-03-27,NaN,NaN,NaN,NaN,NaN,1.6,NaN,NaN,NaN
2014-03-28,NaN,NaN,NaN,NaN,NaN,NaN,0.1,NaN,NaN
2014-03-31,NaN,NaN,NaN,NaN,NaN,NaN,NaN,NaN,0.4
2014-04-10,0.6,NaN,NaN,NaN,NaN,NaN,NaN,NaN,NaN
2014-04-15,NaN,NaN,NaN,0.2,0.2,NaN,NaN,NaN,NaN
2014-05-01,NaN,NaN,NaN,NaN,NaN,NaN,0.2,NaN,NaN
2014-05-13,-0.4,NaN,NaN,NaN,NaN,NaN,NaN,NaN,NaN
2014-05-15,NaN,NaN,NaN,0.3,0.2,NaN,NaN,NaN,NaN
2014-05-30,NaN,NaN,NaN,NaN,NaN,NaN,0.2,NaN,NaN
2014-06-04,NaN,NaN,NaN,NaN,NaN,NaN,NaN,-3.2,NaN
2014-06-12,0.1,NaN,NaN,NaN,NaN,NaN,NaN,NaN,NaN
2014-06-17,NaN,NaN,NaN,0.4,0.3,NaN,NaN,NaN,NaN
2014-06-25,NaN,NaN,NaN,NaN,NaN,1.3,NaN,NaN,NaN
2014-06-26,NaN,NaN,NaN,NaN,NaN,NaN,0.2,NaN,NaN
2014-06-30,NaN,NaN,NaN,NaN,NaN,NaN,NaN,NaN,0.7
2014-07-15,0.1,NaN,NaN,NaN,NaN,NaN,NaN,NaN,NaN
2014-07-22,NaN,NaN,NaN,0.3,0.1,NaN,NaN,NaN,NaN
2014-08-01,NaN,NaN,NaN,NaN,NaN,NaN,0.1,NaN,NaN
2014-08-14,-0.2,NaN,NaN,NaN,NaN,NaN,NaN,NaN,NaN
2014-08-19,NaN,NaN,NaN,0.1,0.1,NaN,NaN,NaN,NaN
2014-08-29,NaN,NaN,NaN,NaN,NaN,NaN,0.1,NaN,NaN
2014-09-04,NaN,NaN,NaN,NaN,NaN,NaN,NaN,2.3,NaN
2014-09-12,-0.9,NaN,NaN,NaN,NaN,NaN,NaN,NaN,NaN
2014-09-17,NaN,NaN,NaN,-0.2,0.0,NaN,NaN,NaN,NaN
2014-09-26,NaN,NaN,NaN,NaN,NaN,2.1,NaN,NaN,NaN
2014-09-29,NaN,NaN,NaN,NaN,NaN,NaN,0.1,NaN,NaN
2014-09-30,NaN,NaN,NaN,NaN,NaN,NaN,NaN,NaN,0.7
2014-10-10,-0.5,NaN,NaN,NaN,NaN,NaN,NaN,NaN,NaN
2014-10-22,NaN,NaN,NaN,0.1,0.1,NaN,NaN,NaN,NaN
2014-10-31,NaN,NaN,NaN,NaN,NaN,NaN,0.1,NaN,NaN
2014-11-14,-1.3,NaN,NaN,NaN,NaN,NaN,NaN,NaN,NaN
2014-11-20,NaN,NaN,NaN,0.0,0.2,NaN,NaN,NaN,NaN
2014-11-26,NaN,NaN,NaN,NaN,NaN,NaN,0.2,NaN,NaN
2014-12-03,NaN,NaN,NaN,NaN,NaN,NaN,NaN,2.3,NaN
2014-12-11,-1.5,NaN,NaN,NaN,NaN,NaN,NaN,NaN,NaN
2014-12-17,NaN,NaN,NaN,-0.3,0.1,NaN,NaN,NaN,NaN
2014-12-23,NaN,NaN,NaN,NaN,NaN,1.4,0.0,NaN,NaN
2014-12-31,NaN,NaN,NaN,NaN,NaN,NaN,NaN,NaN,0.4
2015-01-14,-2.5,NaN,NaN,NaN,NaN,NaN,NaN,NaN,NaN
2015-01-16,NaN,NaN,NaN,-0.4,0.0,NaN,NaN,NaN,NaN
2015-02-02,NaN,NaN,NaN,NaN,NaN,NaN,0.0,NaN,NaN
2015-02-13,-2.8,NaN,NaN,NaN,NaN,NaN,NaN,NaN,NaN
2015-02-26,NaN,NaN,NaN,-0.7,0.2,NaN,NaN,NaN,NaN
2015-03-02,NaN,NaN,NaN,NaN,NaN,NaN,0.1,NaN,NaN
2015-03-05,NaN,NaN,NaN,NaN,NaN,NaN,NaN,-2.2,NaN
2015-03-12,0.4,NaN,NaN,NaN,NaN,NaN,NaN,NaN,NaN
2015-03-24,NaN,NaN,NaN,0.2,0.2,NaN,NaN,NaN,NaN
2015-03-27,NaN,NaN,NaN,NaN,NaN,0.1,NaN,NaN,NaN
2015-03-30,NaN,NaN,NaN,NaN,NaN,NaN,0.1,NaN,NaN
2015-03-31,NaN,NaN,NaN,NaN,NaN,NaN,NaN,NaN,0.7
2015-04-10,-0.3,NaN,NaN,NaN,NaN,NaN,NaN,NaN,NaN
2015-04-17,NaN,NaN,NaN,0.2,0.2,NaN,NaN,NaN,NaN
2015-04-30,NaN,NaN,NaN,NaN,NaN,NaN,0.1,NaN,NaN
2015-05-13,-0.3,NaN,NaN,NaN,NaN,NaN,NaN,NaN,NaN
2015-05-22,NaN,NaN,NaN,0.1,0.3,NaN,NaN,NaN,NaN
2015-06-01,NaN,NaN,NaN,NaN,NaN,NaN,0.1,NaN,NaN
2015-06-04,NaN,NaN,NaN,NaN,NaN,NaN,NaN,-3.1,NaN
2015-06-11,1.3,NaN,NaN,NaN,NaN,NaN,NaN,NaN,NaN
2015-06-18,NaN,NaN,NaN,0.4,0.1,NaN,NaN,NaN,NaN
2015-06-24,NaN,NaN,NaN,NaN,NaN,0.0,NaN,NaN,NaN
2015-06-25,NaN,NaN,NaN,NaN,NaN,NaN,0.1,NaN,NaN
2015-06-30,NaN,NaN,NaN,NaN,NaN,NaN,NaN,NaN,0.2
2015-07-14,-0.1,NaN,NaN,NaN,NaN,NaN,NaN,NaN,NaN
2015-07-17,NaN,NaN,NaN,0.3,0.2,NaN,NaN,NaN,NaN
2015-08-03,NaN,NaN,NaN,NaN,NaN,NaN,0.1,NaN,NaN
2015-08-13,-0.9,NaN,NaN,NaN,NaN,NaN,NaN,NaN,NaN
2015-08-19,NaN,NaN,NaN,0.1,0.1,NaN,NaN,NaN,NaN
2015-08-28,NaN,NaN,NaN,NaN,NaN,NaN,0.1,NaN,NaN
2015-09-02,NaN,NaN,NaN,NaN,NaN,NaN,NaN,3.3,NaN
2015-09-10,-1.8,NaN,NaN,NaN,NaN,NaN,NaN,NaN,NaN
2015-09-16,NaN,NaN,NaN,-0.1,0.1,NaN,NaN,NaN,NaN
2015-09-25,NaN,NaN,NaN,NaN,NaN,2.1,NaN,NaN,NaN
2015-09-28,NaN,NaN,NaN,NaN,NaN,NaN,0.1,NaN,NaN
2015-09-30,NaN,NaN,NaN,NaN,NaN,NaN,NaN,NaN,0.6
2015-10-09,-0.1,NaN,NaN,NaN,NaN,NaN,NaN,NaN,NaN
2015-10-15,NaN,NaN,NaN,-0.2,0.2,NaN,NaN,NaN,NaN
2015-10-30,NaN,NaN,NaN,NaN,NaN,NaN,0.1,NaN,NaN
2015-11-10,-0.5,NaN,NaN,NaN,NaN,NaN,NaN,NaN,NaN
2015-11-17,NaN,NaN,NaN,0.2,0.2,NaN,NaN,NaN,NaN
2015-11-25,NaN,NaN,NaN,NaN,NaN,NaN,0.0,NaN,NaN
2015-12-02,NaN,NaN,NaN,NaN,NaN,NaN,NaN,2.2,NaN
2015-12-10,-0.4,NaN,NaN,NaN,NaN,NaN,NaN,NaN,NaN
2015-12-15,NaN,NaN,NaN,0.0,0.2,NaN,NaN,NaN,NaN
2015-12-22,NaN,NaN,NaN,NaN,NaN,1.3,NaN,NaN,NaN
2015-12-23,NaN,NaN,NaN,NaN,NaN,NaN,0.1,NaN,NaN
2015-12-31,NaN,NaN,NaN,NaN,NaN,NaN,NaN,NaN,0.4
2016-01-14,-1.2,NaN,NaN,NaN,NaN,NaN,NaN,NaN,NaN
2016-01-20,NaN,NaN,NaN,-0.1,0.1,NaN,NaN,NaN,NaN
2016-02-01,NaN,NaN,NaN,NaN,NaN,NaN,0.0,NaN,NaN
2016-02-12,-1.1,NaN,NaN,NaN,NaN,NaN,NaN,NaN,NaN
2016-02-19,NaN,NaN,NaN,0.0,0.3,NaN,NaN,NaN,NaN
2016-02-26,NaN,NaN,NaN,NaN,NaN,NaN,0.3,NaN,NaN
2016-03-03,NaN,NaN,NaN,NaN,NaN,NaN,NaN,-2.2,NaN
2016-03-11,-0.3,NaN,NaN,NaN,NaN,NaN,NaN,NaN,NaN
2016-03-16,NaN,NaN,NaN,-0.2,0.3,NaN,NaN,NaN,NaN
2016-03-25,NaN,NaN,NaN,NaN,NaN,0.9,NaN,NaN,NaN
2016-03-28,NaN,NaN,NaN,NaN,NaN,NaN,0.1,NaN,NaN
2016-03-31,NaN,NaN,NaN,NaN,NaN,NaN,NaN,NaN,0.7
2016-04-12,0.2,NaN,NaN,NaN,NaN,NaN,NaN,NaN,NaN
2016-04-14,NaN,NaN,NaN,0.1,0.1,NaN,NaN,NaN,NaN
2016-04-29,NaN,NaN,NaN,NaN,NaN,NaN,0.1,NaN,NaN
2016-05-12,0.3,NaN,NaN,NaN,NaN,NaN,NaN,NaN,NaN
2016-05-17,NaN,NaN,NaN,0.4,0.2,NaN,NaN,NaN,NaN
2016-05-31,NaN,NaN,NaN,NaN,NaN,NaN,0.2,NaN,NaN
2016-06-07,NaN,NaN,NaN,NaN,NaN,NaN,NaN,-0.6,NaN
2016-06-14,1.4,NaN,NaN,NaN,NaN,NaN,NaN,NaN,NaN
2016-06-16,NaN,NaN,NaN,0.2,0.2,NaN,NaN,NaN,NaN
2016-06-28,NaN,NaN,NaN,NaN,NaN,0.4,NaN,NaN,NaN
2016-06-29,NaN,NaN,NaN,NaN,NaN,NaN,0.2,NaN,NaN
2016-06-30,NaN,NaN,NaN,NaN,NaN,NaN,NaN,NaN,0.6
2016-07-13,0.2,NaN,NaN,NaN,NaN,NaN,NaN,NaN,NaN
2016-07-15,NaN,NaN,NaN,0.2,0.2,NaN,NaN,NaN,NaN
2016-08-02,NaN,NaN,NaN,NaN,NaN,NaN,0.1,NaN,NaN
2016-08-11,0.1,NaN,NaN,NaN,NaN,NaN,NaN,NaN,NaN
2016-08-16,NaN,NaN,NaN,0.0,0.1,NaN,NaN,NaN,NaN
2016-08-29,NaN,NaN,NaN,NaN,NaN,NaN,0.1,NaN,NaN
2016-09-01,NaN,NaN,NaN,NaN,NaN,NaN,NaN,-0.6,NaN
2016-09-14,-0.2,NaN,NaN,NaN,NaN,NaN,NaN,NaN,NaN
2016-09-16,NaN,NaN,NaN,0.2,0.3,NaN,NaN,NaN,NaN
2016-09-29,NaN,NaN,NaN,NaN,NaN,2.3,NaN,NaN,NaN
2016-09-30,NaN,NaN,NaN,NaN,NaN,NaN,0.2,NaN,0.6
2016-10-13,0.1,NaN,NaN,NaN,NaN,NaN,NaN,NaN,NaN
2016-10-18,NaN,NaN,NaN,0.3,0.1,NaN,NaN,NaN,NaN
2016-10-31,NaN,NaN,NaN,NaN,NaN,NaN,0.1,NaN,NaN
2016-11-15,0.5,NaN,NaN,NaN,NaN,NaN,NaN,NaN,NaN
2016-11-17,NaN,NaN,NaN,0.4,0.1,NaN,NaN,NaN,NaN
2016-11-30,NaN,NaN,NaN,NaN,NaN,NaN,0.1,NaN,NaN
2016-12-06,NaN,NaN,NaN,NaN,NaN,NaN,NaN,3.1,NaN
2016-12-13,-0.3,NaN,NaN,NaN,NaN,NaN,NaN,NaN,NaN
2016-12-15,NaN,NaN,NaN,0.2,0.2,NaN,NaN,NaN,NaN
2016-12-22,NaN,NaN,NaN,NaN,NaN,1.4,0.0,NaN,NaN
2016-12-31,NaN,NaN,NaN,NaN,NaN,NaN,NaN,NaN,0.3
2017-01-12,0.4,NaN,NaN,NaN,NaN,NaN,NaN,NaN,NaN
2017-01-18,NaN,NaN,NaN,0.3,0.2,NaN,NaN,NaN,NaN
2017-01-30,NaN,NaN,NaN,NaN,NaN,NaN,0.1,NaN,NaN
2017-02-10,0.4,NaN,NaN,NaN,NaN,NaN,NaN,NaN,NaN
2017-02-15,NaN,NaN,NaN,0.6,0.3,NaN,NaN,NaN,NaN
2017-03-01,NaN,NaN,NaN,NaN,NaN,NaN,0.3,NaN,NaN
2017-03-08,NaN,NaN,NaN,NaN,NaN,NaN,NaN,1.3,NaN
2017-03-09,0.2,NaN,NaN,NaN,NaN,NaN,NaN,NaN,NaN
2017-03-15,NaN,NaN,NaN,0.1,0.2,NaN,NaN,NaN,NaN
2017-03-30,NaN,NaN,NaN,NaN,NaN,2.1,NaN,NaN,NaN
2017-03-31,NaN,NaN,NaN,NaN,NaN,NaN,0.2,NaN,0.9
2017-04-12,-0.2,NaN,NaN,NaN,NaN,NaN,NaN,NaN,NaN
2017-04-14,NaN,NaN,NaN,-0.3,-0.1,NaN,NaN,NaN,NaN
2017-05-01,NaN,NaN,NaN,NaN,NaN,NaN,-0.1,NaN,NaN
2017-05-10,0.5,NaN,NaN,NaN,NaN,NaN,NaN,NaN,NaN
2017-05-12,NaN,NaN,NaN,0.2,0.1,NaN,NaN,NaN,NaN
2017-05-30,NaN,NaN,NaN,NaN,NaN,NaN,0.2,NaN,NaN
2017-06-05,NaN,NaN,NaN,NaN,NaN,NaN,NaN,0.0,NaN
2017-06-14,NaN,NaN,NaN,-0.1,0.1,NaN,NaN,NaN,NaN
2017-06-15,-0.3,NaN,NaN,NaN,NaN,NaN,NaN,NaN,NaN
2017-06-29,NaN,NaN,NaN,NaN,NaN,1.9,NaN,NaN,NaN
2017-06-30,NaN,NaN,NaN,NaN,NaN,NaN,0.1,NaN,0.5
2017-07-14,NaN,NaN,NaN,0.0,0.1,NaN,NaN,NaN,NaN
2017-07-18,-0.2,NaN,NaN,NaN,NaN,NaN,NaN,NaN,NaN
2017-08-01,NaN,NaN,NaN,NaN,NaN,NaN,0.1,NaN,NaN
2017-08-11,NaN,NaN,NaN,0.1,0.1,NaN,NaN,NaN,NaN
2017-08-15,0.1,NaN,NaN,NaN,NaN,NaN,NaN,NaN,NaN
2017-08-31,NaN,NaN,NaN,NaN,NaN,NaN,0.1,NaN,NaN
2017-09-07,NaN,NaN,NaN,NaN,NaN,NaN,NaN,1.5,NaN
2017-09-14,NaN,NaN,NaN,0.4,0.2,NaN,NaN,NaN,NaN
2017-09-19,0.6,NaN,NaN,NaN,NaN,NaN,NaN,NaN,NaN
2017-09-28,NaN,NaN,NaN,NaN,NaN,1.0,NaN,NaN,NaN
2017-09-29,NaN,NaN,NaN,NaN,NaN,NaN,0.1,NaN,NaN
2017-09-30,NaN,NaN,NaN,NaN,NaN,NaN,NaN,NaN,0.8
2017-10-13,NaN,NaN,NaN,0.5,0.1,NaN,NaN,NaN,NaN
2017-10-17,0.7,NaN,NaN,NaN,NaN,NaN,NaN,NaN,NaN
2017-10-30,NaN,NaN,NaN,NaN,NaN,NaN,0.1,NaN,NaN
2017-11-15,NaN,NaN,NaN,0.1,0.2,NaN,NaN,NaN,NaN
2017-11-16,0.2,NaN,NaN,NaN,NaN,NaN,NaN,NaN,NaN
2017-11-30,NaN,NaN,NaN,NaN,NaN,NaN,0.2,NaN,NaN
2017-12-06,NaN,NaN,NaN,NaN,NaN,NaN,NaN,3.0,NaN
2017-12-13,NaN,NaN,NaN,0.4,0.1,NaN,NaN,NaN,NaN
2017-12-14,0.7,NaN,NaN,NaN,NaN,NaN,NaN,NaN,NaN
2017-12-21,NaN,NaN,NaN,NaN,NaN,2.1,NaN,NaN,NaN
2017-12-22,NaN,NaN,NaN,NaN,NaN,NaN,0.1,NaN,NaN
2017-12-31,NaN,NaN,NaN,NaN,NaN,NaN,NaN,NaN,0.4
2018-01-10,0.1,NaN,NaN,NaN,NaN,NaN,NaN,NaN,NaN
2018-01-12,NaN,NaN,NaN,0.1,0.3,NaN,NaN,NaN,NaN
2018-01-29,NaN,NaN,NaN,NaN,NaN,NaN,0.2,NaN,NaN
2018-02-14,NaN,NaN,NaN,0.5,0.3,NaN,NaN,NaN,NaN
2018-02-16,1.0,NaN,NaN,NaN,NaN,NaN,NaN,NaN,NaN
2018-03-01,NaN,NaN,NaN,NaN,NaN,NaN,0.3,NaN,NaN
2018-03-07,NaN,NaN,NaN,NaN,NaN,NaN,NaN,0.0,NaN
2018-03-13,NaN,NaN,NaN,0.2,0.2,NaN,NaN,NaN,NaN
2018-03-15,0.4,NaN,NaN,NaN,NaN,NaN,NaN,NaN,NaN
2018-03-28,NaN,NaN,NaN,NaN,NaN,2.3,NaN,NaN,NaN
2018-03-29,NaN,NaN,NaN,NaN,NaN,NaN,0.2,NaN,NaN
2018-03-31,NaN,NaN,NaN,NaN,NaN,NaN,NaN,NaN,1.0
2018-04-11,NaN,NaN,NaN,-0.1,0.2,NaN,NaN,NaN,NaN
2018-04-12,0.0,NaN,NaN,NaN,NaN,NaN,NaN,NaN,NaN
2018-04-30,NaN,NaN,NaN,NaN,NaN,NaN,0.2,NaN,NaN
2018-05-10,NaN,NaN,NaN,0.2,0.1,NaN,NaN,NaN,NaN
2018-05-11,0.3,NaN,NaN,NaN,NaN,NaN,NaN,NaN,NaN
2018-05-31,NaN,NaN,NaN,NaN,NaN,NaN,0.2,NaN,NaN
2018-06-06,NaN,NaN,NaN,NaN,NaN,NaN,NaN,0.4,NaN
2018-06-12,NaN,NaN,NaN,0.2,0.2,NaN,NaN,NaN,NaN
2018-06-14,0.6,NaN,NaN,NaN,NaN,NaN,NaN,NaN,NaN
2018-06-28,NaN,NaN,NaN,NaN,NaN,2.2,NaN,NaN,NaN
2018-06-29,NaN,NaN,NaN,NaN,NaN,NaN,0.2,NaN,NaN
2018-06-30,NaN,NaN,NaN,NaN,NaN,NaN,NaN,NaN,0.6
2018-07-12,NaN,NaN,NaN,0.1,0.2,NaN,NaN,NaN,NaN
2018-07-13,-0.4,NaN,NaN,NaN,NaN,NaN,NaN,NaN,NaN
2018-07-31,NaN,NaN,NaN,NaN,NaN,NaN,0.1,NaN,NaN
2018-08-10,NaN,NaN,NaN,0.2,0.2,NaN,NaN,NaN,NaN
2018-08-14,0.0,NaN,NaN,NaN,NaN,NaN,NaN,NaN,NaN
2018-08-30,NaN,NaN,NaN,NaN,NaN,NaN,0.2,NaN,NaN
2018-09-06,NaN,NaN,NaN,NaN,NaN,NaN,NaN,2.9,NaN
2018-09-13,NaN,NaN,NaN,0.2,0.1,NaN,NaN,NaN,NaN
2018-09-14,-0.6,NaN,NaN,NaN,NaN,NaN,NaN,NaN,NaN
2018-09-27,NaN,NaN,NaN,NaN,NaN,3.0,NaN,NaN,NaN
2018-09-28,NaN,NaN,NaN,NaN,NaN,NaN,0.0,NaN,NaN
2018-09-30,NaN,NaN,NaN,NaN,NaN,NaN,NaN,NaN,0.8
2018-10-11,NaN,NaN,NaN,0.1,0.1,NaN,NaN,NaN,NaN
2018-10-12,0.5,NaN,NaN,NaN,NaN,NaN,NaN,NaN,NaN
2018-10-29,NaN,NaN,NaN,NaN,NaN,NaN,0.2,NaN,NaN
2018-11-14,NaN,NaN,NaN,0.3,0.2,NaN,NaN,NaN,NaN
2018-11-15,0.5,NaN,NaN,NaN,NaN,NaN,NaN,NaN,NaN
2018-11-29,NaN,NaN,NaN,NaN,NaN,NaN,0.1,NaN,NaN
2018-12-06,NaN,NaN,NaN,NaN,NaN,NaN,NaN,2.3,NaN
2018-12-12,NaN,NaN,NaN,0.0,0.2,NaN,NaN,NaN,NaN
2018-12-13,-1.6,NaN,NaN,NaN,NaN,NaN,NaN,NaN,NaN
2018-12-21,NaN,NaN,NaN,NaN,NaN,1.8,0.1,NaN,NaN
2018-12-31,NaN,NaN,NaN,NaN,NaN,NaN,NaN,NaN,0.4
2019-01-11,NaN,NaN,NaN,-0.1,0.2,NaN,NaN,NaN,NaN
2019-01-16,-1.0,NaN,NaN,NaN,NaN,NaN,NaN,NaN,NaN
2019-02-13,NaN,NaN,NaN,0.0,0.2,NaN,NaN,NaN,NaN
2019-02-15,-0.5,NaN,NaN,NaN,NaN,NaN,NaN,NaN,NaN
2019-03-01,NaN,NaN,NaN,NaN,NaN,NaN,0.2,NaN,NaN
2019-03-07,NaN,NaN,NaN,NaN,NaN,NaN,NaN,1.9,NaN
2019-03-12,NaN,NaN,NaN,0.2,0.1,NaN,NaN,NaN,NaN
2019-03-14,0.6,NaN,NaN,NaN,NaN,NaN,NaN,NaN,NaN
2019-03-28,NaN,NaN,NaN,NaN,NaN,1.7,NaN,NaN,NaN
2019-03-29,NaN,NaN,NaN,NaN,NaN,NaN,0.1,NaN,NaN
2019-03-31,NaN,NaN,NaN,NaN,NaN,NaN,NaN,NaN,0.9
2019-04-10,NaN,NaN,NaN,0.4,0.1,NaN,NaN,NaN,NaN
2019-04-12,0.6,NaN,NaN,NaN,NaN,NaN,NaN,NaN,NaN
2019-04-29,NaN,NaN,NaN,NaN,NaN,NaN,0.1,NaN,NaN
2019-04-29,NaN,NaN,NaN,NaN,NaN,NaN,0.0,NaN,NaN
2019-05-10,NaN,NaN,NaN,0.3,0.1,NaN,NaN,NaN,NaN
2019-05-14,0.2,NaN,NaN,NaN,NaN,NaN,NaN,NaN,NaN
2019-05-31,NaN,NaN,NaN,NaN,NaN,NaN,0.2,NaN,NaN
2019-06-06,NaN,NaN,NaN,NaN,NaN,NaN,NaN,3.4,NaN
2019-06-12,NaN,NaN,NaN,0.1,0.1,NaN,NaN,NaN,NaN
2019-06-13,-0.3,NaN,NaN,NaN,NaN,NaN,NaN,NaN,NaN
2019-06-27,NaN,NaN,NaN,NaN,NaN,0.9,NaN,NaN,NaN
2019-06-28,NaN,NaN,NaN,NaN,NaN,NaN,0.2,NaN,NaN
2019-06-30,NaN,NaN,NaN,NaN,NaN,NaN,NaN,NaN,0.5
2019-07-11,NaN,NaN,NaN,0.1,0.3,NaN,NaN,NaN,NaN
2019-07-16,-0.9,NaN,NaN,NaN,NaN,NaN,NaN,NaN,NaN
2019-07-30,NaN,NaN,NaN,NaN,NaN,NaN,0.2,NaN,NaN
2019-08-13,NaN,NaN,NaN,0.3,0.3,NaN,NaN,NaN,NaN
2019-08-14,0.2,NaN,NaN,NaN,NaN,NaN,NaN,NaN,NaN
2019-08-30,NaN,NaN,NaN,NaN,NaN,NaN,0.2,NaN,NaN
2019-09-05,NaN,NaN,NaN,NaN,NaN,NaN,NaN,2.3,NaN
2019-09-12,NaN,NaN,NaN,0.1,0.3,NaN,NaN,NaN,NaN
2019-09-13,-0.5,NaN,NaN,NaN,NaN,NaN,NaN,NaN,NaN
2019-09-26,NaN,NaN,NaN,NaN,NaN,2.4,NaN,NaN,NaN
2019-09-27,NaN,NaN,NaN,NaN,NaN,NaN,0.1,NaN,NaN
2019-09-30,NaN,NaN,NaN,NaN,NaN,NaN,NaN,NaN,0.9
2019-10-10,NaN,NaN,NaN,0.0,0.1,NaN,NaN,NaN,NaN
2019-10-11,0.2,NaN,NaN,NaN,NaN,NaN,NaN,NaN,NaN
2019-10-31,NaN,NaN,NaN,NaN,NaN,NaN,0.0,NaN,NaN
2019-11-13,NaN,NaN,NaN,0.4,0.2,NaN,NaN,NaN,NaN
2019-11-15,-0.5,NaN,NaN,NaN,NaN,NaN,NaN,NaN,NaN
2019-11-27,NaN,NaN,NaN,NaN,NaN,NaN,0.1,NaN,NaN
2019-12-10,NaN,NaN,NaN,NaN,NaN,NaN,NaN,-0.2,NaN
2019-12-11,NaN,NaN,NaN,0.3,0.2,NaN,NaN,NaN,NaN
2019-12-13,0.2,NaN,NaN,NaN,NaN,NaN,NaN,NaN,NaN
2019-12-20,NaN,NaN,NaN,NaN,NaN,1.8,0.1,NaN,NaN
2019-12-31,NaN,NaN,NaN,NaN,NaN,NaN,NaN,NaN,0.4
2020-01-14,NaN,NaN,NaN,0.2,0.1,NaN,NaN,NaN,NaN
2020-01-16,0.3,NaN,NaN,NaN,NaN,NaN,NaN,NaN,NaN
2020-01-31,NaN,NaN,NaN,NaN,NaN,NaN,0.2,NaN,NaN
2020-02-13,NaN,NaN,NaN,0.1,0.2,NaN,NaN,NaN,NaN
2020-02-14,0.0,NaN,NaN,NaN,NaN,NaN,NaN,NaN,NaN
2020-02-28,NaN,NaN,NaN,NaN,NaN,NaN,0.1,NaN,NaN
2020-03-05,NaN,NaN,NaN,NaN,NaN,NaN,NaN,1.2,NaN
2020-03-11,NaN,NaN,NaN,0.1,0.2,NaN,NaN,NaN,NaN
2020-03-13,-0.5,NaN,NaN,NaN,NaN,NaN,NaN,NaN,NaN
2020-03-26,NaN,NaN,NaN,NaN,NaN,1.3,NaN,NaN,NaN
2020-03-27,NaN,NaN,NaN,NaN,NaN,NaN,0.2,NaN,NaN
2020-03-31,NaN,NaN,NaN,NaN,NaN,NaN,NaN,NaN,0.9
2020-04-10,NaN,NaN,NaN,-0.4,-0.1,NaN,NaN,NaN,NaN
2020-04-14,-2.3,NaN,NaN,NaN,NaN,NaN,NaN,NaN,NaN
2020-04-30,NaN,NaN,NaN,NaN,NaN,NaN,-0.1,NaN,NaN
2020-05-12,NaN,NaN,NaN,-0.8,-0.4,NaN,NaN,NaN,NaN
2020-05-14,-2.6,NaN,NaN,NaN,NaN,NaN,NaN,NaN,NaN
2020-05-29,NaN,NaN,NaN,NaN,NaN,NaN,-0.4,NaN,NaN
2020-06-04,NaN,NaN,NaN,NaN,NaN,NaN,NaN,-0.9,NaN
2020-06-10,NaN,NaN,NaN,-0.1,-0.1,NaN,NaN,NaN,NaN
2020-06-12,1.0,NaN,NaN,NaN,NaN,NaN,NaN,NaN,NaN
2020-06-25,NaN,NaN,NaN,NaN,NaN,1.4,NaN,NaN,NaN
2020-06-26,NaN,NaN,NaN,NaN,NaN,NaN,0.1,NaN,NaN
2020-06-30,NaN,NaN,NaN,NaN,NaN,NaN,NaN,NaN,0.4
2020-07-14,NaN,NaN,NaN,0.6,0.2,NaN,NaN,NaN,NaN
2020-07-15,1.4,NaN,NaN,NaN,NaN,NaN,NaN,NaN,NaN
2020-07-31,NaN,NaN,NaN,NaN,NaN,NaN,0.2,NaN,NaN
2020-08-12,NaN,NaN,NaN,0.6,0.6,NaN,NaN,NaN,NaN
2020-08-13,0.7,NaN,NaN,NaN,NaN,NaN,NaN,NaN,NaN
2020-08-28,NaN,NaN,NaN,NaN,NaN,NaN,0.3,NaN,NaN
2020-09-03,NaN,NaN,NaN,NaN,NaN,NaN,NaN,10.1,NaN
2020-09-11,NaN,NaN,NaN,0.4,0.4,NaN,NaN,NaN,NaN
2020-09-15,0.9,NaN,NaN,NaN,NaN,NaN,NaN,NaN,NaN
2020-09-30,NaN,NaN,NaN,NaN,NaN,-1.8,NaN,NaN,0.6
2020-10-01,NaN,NaN,NaN,NaN,NaN,NaN,0.3,NaN,NaN
2020-10-13,NaN,NaN,NaN,0.2,0.2,NaN,NaN,NaN,NaN
2020-10-15,0.3,NaN,NaN,NaN,NaN,NaN,NaN,NaN,NaN
2020-10-30,NaN,NaN,NaN,NaN,NaN,NaN,0.2,NaN,NaN
2020-11-12,NaN,NaN,NaN,0.0,0.0,NaN,NaN,NaN,NaN
2020-11-17,-0.1,NaN,NaN,NaN,NaN,NaN,NaN,NaN,NaN
2020-11-25,NaN,NaN,NaN,NaN,NaN,NaN,0.0,NaN,NaN
2020-12-08,NaN,NaN,NaN,NaN,NaN,NaN,NaN,4.6,NaN
2020-12-10,NaN,NaN,NaN,0.2,0.2,NaN,NaN,NaN,NaN
2020-12-15,0.1,NaN,NaN,NaN,NaN,NaN,NaN,NaN,NaN
2020-12-22,NaN,NaN,NaN,NaN,NaN,3.5,NaN,NaN,NaN
2020-12-23,NaN,NaN,NaN,NaN,NaN,NaN,0.0,NaN,NaN
2020-12-31,NaN,NaN,NaN,NaN,NaN,NaN,NaN,NaN,0.6
2021-01-13,NaN,NaN,NaN,0.4,0.1,NaN,NaN,NaN,NaN
2021-01-14,0.9,NaN,NaN,NaN,NaN,NaN,NaN,NaN,NaN
2021-01-28,NaN,NaN,NaN,NaN,NaN,2.0,NaN,NaN,NaN
2021-01-29,NaN,NaN,NaN,NaN,NaN,NaN,0.3,NaN,NaN
2021-02-04,NaN,NaN,NaN,NaN,NaN,NaN,NaN,-4.8,NaN
2021-02-10,NaN,NaN,NaN,0.3,0.0,NaN,NaN,NaN,NaN
2021-02-18,1.4,NaN,NaN,NaN,NaN,NaN,NaN,NaN,NaN
